	tgt	pseudoref_first	tgt	pseudoref_frequent	tgt	pseudoref_predefined
0	資產負債表	資產負債表	資產負債表	資產負債表	資產負債表	資產負債表
1	新興市場	新興市場	新興市場	新興市場	新興市場	新興市場
2	恆生指數	恆生指數	恆生指數	恆生指數	恆生指數	▁174
3	MSCI新興市場指數	MSCI新興市場指數	MSCI新興市場指數	MSCI新興市場指數	MSCI新興市場指數	MSCI新興市場指數
4	資本外流	資本外流	資本外流	資本外流	資本外流	資金外流
5	市場 經濟體	市場 經濟體	市場 經濟體	市場 經濟體	市場 經濟體	▁102
6	新興市場	新興市場	新興市場	新興市場	新興市場	新興市場
7	實體經濟	實體經濟	實體經濟	實體經濟	實體經濟	實體經濟
8	股市	股市	股市	股市	股市	股市
9	▔	▁0	▔	▁0	▔	▁0
10	道瓊斯指數	道瓊斯指數	道瓊斯指數	道瓊斯指數	道瓊斯指數	▁96
11	恆生指數	恆生指數	恆生指數	恆生指數	恆生指數	▁174
12	▔	▁30	▔	▁25	▔	▁399
13	資產市場波動	資產市場波動	資產市場波動	資產市場波動	資產市場波動	資產市場波動
14	資本外流	資本外流	資本外流	資本外流	資本外流	資金外流
15	金融體系	金融體系	金融體系	金融體系	金融體系	金融體系
16	資金流向	資金流向	資金流向	資金流向	資金流向	資金流向
17	市場估值	市場估值	市場估值	市場估值	市場估值	市場估值
18	股市	股市	股市	股市	股市	股市
19	銀行體系	銀行體系	銀行體系	銀行體系	銀行體系	銀行體系
20	銀行 體系 韌性	銀行 體系 韌性	銀行 體系 韌性	銀行 體系 韌性	銀行 體系 韌性	▁27
21	銀行體系	銀行體系	銀行體系	銀行體系	銀行體系	銀行體系
22	金管局	金管局	金管局	金管局	金管局	金管局
23	反周期措施	反周期措施	反周期措施	反周期措施	反周期措施	逆周期措施
24	信用風險	信用風險	信用風險	信用風險	信用風險	信用風險
25	還款比率	還款比率	還款比率	債務償還比率	還款比率	▁79
26	金融體系	金融體系	金融體系	金融體系	金融體系	金融體系
27	價值 比率	價值 比率	價值 比率	價值 比率	價值 比率	▁234
28	市場	市場	市場	市場	市場	▁308
29	風險緩解措施	風險緩解措施	風險緩解措施	風險緩解措施	風險緩解措施	▁345
30	處置辦公室	處置辦公室	處置辦公室	處置辦公室	處置辦公室	▁338
31	金融危機	金融危機	金融危機	金融危機	金融危機	金融危機
32	金融機構	金融機構	金融機構	金融機構	金融機構	金融機構
33	金融體系	金融體系	金融體系	金融體系	金融體系	金融體系
34	全球金融危機	全球金融危機	全球金融危機	全球金融危機	全球金融危機	▁159
35	國際標準	國際標準	國際標準	國際標準	國際標準	▁216
36	銀行體系	銀行體系	銀行體系	銀行體系	銀行體系	銀行體系
37	資本 充足	資本 充足	資本 充足	資本 充足	資本 充足	▁39
38	▔	▁19	▔	國際金融中心	▔	國際金融中心
39	資產質素	資產質素	資產質素	資產質素	資產質素	資產質素
40	銀行業	銀行業	銀行業	銀行業	銀行業	銀行業
41	資本 充足 比率	資本 充足 比率	資本 充足 比率	資本 充足 比率	資本 充足 比率	▁40
42	流動性	流動性	流動性	流動性	流動性	流動性
43	流動性比率	流動性比率	流動性比率	流動性比率	流動性比率	流動性比率
44	零售銀行	零售銀行	零售銀行	零售銀行	零售銀行	零售銀行
45	股本回報率	股本回報率	股本回報率	股本回報率	股本回報率	▁340
46	法定要求	法定要求	法定要求	法定要求	法定要求	法定要求
47	總貸款額	總貸款額	總貸款額	總貸款	總貸款額	▁384
48	穩健銀行業務	穩健銀行業務	穩健銀行業務	穩健銀行業務	穩健銀行業務	▁361
49	金融穩定	金融穩定	金融穩定	金融穩定	金融穩定	金融穩定
50	獨立非執行董事年會	獨立非執行董事年會	獨立非執行董事年會	獨立非執行董事年會	獨立非執行董事年會	▁8
51	金管局	金管局	金管局	金管局	金管局	金管局
52	▔	▁16	▔	▁14	▔	▁203
53	獨立非執行董事	獨立非執行董事	獨立非執行董事	獨立非執行董事	獨立非執行董事	獨立非執行董事
54	穩健銀行業務	穩健銀行業務	穩健銀行業務	穩健銀行業務	穩健銀行業務	▁361
55	企業文化	企業文化	企業文化	企業文化	企業文化	企業文化
56	金融危機	金融危機	金融危機	金融危機	金融危機	金融危機
57	全球金融危機	全球金融危機	全球金融危機	全球金融危機	全球金融危機	▁159
58	激勵制度	激勵制度	激勵制度	激勵制度	激勵制度	▁198
59	利潤	利潤	利潤	利潤	利潤	盈利
60	獨立非執行董事	獨立非執行董事	獨立非執行董事	執行董事	獨立非執行董事	▁110
61	EPS	EPS	EPS	EPS	EPS	▁104
62	金管局	金管局	金管局	金管局	金管局	金管局
63	香港郵政	香港郵政	香港郵政	香港郵政	香港郵政	香港郵政
64	新界	新界	新界	新界	新界	新界
65	郵政局	郵政局	郵政局	郵政局	郵政局	郵政局
66	銀行分行	銀行分行	銀行分行	銀行分行	銀行分行	▁19
67	銀行業	銀行業	銀行業	銀行業	銀行業	銀行業
68	專責 團隊	專責 團隊	專責 團隊	專責 團隊	專責 團隊	▁81
69	金融普惠	金融普惠	金融普惠	金融普惠	金融普惠	▁125
70	流動 分行	流動 分行	流動 分行	流動 分行	流動 分行	▁252
71	試點計劃	試點計劃	試點計劃	試點計劃	試點計劃	試點計劃
72	香港銀行公會	香港銀行公會	香港銀行公會	香港銀行公會	香港銀行公會	香港銀行公會
73	金融科技	金融科技	金融科技	金融科技	金融科技	金融科技
74	銀行業	銀行業	銀行業	銀行業	銀行業	銀行業
75	金融科技	金融科技	金融科技	金融科技	金融科技	金融科技
76	金管局	金管局	金管局	金管局	金管局	金管局
77	智慧 銀行 新	智慧 銀行 新	智慧 銀行 新	智慧銀行新紀元	智慧 銀行 新	智慧銀行新紀元
78	銀行產品和服務	銀行產品和服務	銀行產品和服務	銀行產品及服務	銀行產品和服務	銀行產品及服務
79	金融交易	金融交易	金融交易	金融交易	金融交易	金融交易
80	支付和銀行服務	支付和銀行服務	支付和銀行服務	支付和銀行服務	支付和銀行服務	支付和銀行服務
81	大灣區	大灣區	大灣區	大灣區	大灣區	▁30
82	一帶一路	一帶一路	一帶一路	一帶一路	一帶一路	一帶一路
83	大灣區	大灣區	大灣區	大灣區	大灣區	▁30
84	一帶一路	一帶一路	一帶一路	一帶一路	一帶一路	一帶一路
85	一帶一路	一帶一路	一帶一路	一帶一路	一帶一路	一帶一路
86	一帶 一路 債券	一帶 一路 債券	一帶 一路 債券	一帶 一路 債券	一帶 一路 債券	▁31
87	中國開發銀行	中國開發銀行	中國開發銀行	中國開發銀行	中國開發銀行	▁50
88	粵港澳大灣區	粵港澳大灣區	粵港澳大灣區	粵港澳大灣區	粵港澳大灣區	粵港澳大灣區
89	香港	金管局	香港	金管局	香港	金管局
90	基建融資促進辦公室	基建融資促進辦公室	基建融資促進辦公室	基建融資促進辦公室	基建融資促進辦公室	基建融資促進辦公室
91	國際金融中心	▁19	國際金融中心	國際金融中心	國際金融中心	國際金融中心
92	基建融資	基建融資	基建融資	基建融資	基建融資	▁206
93	基建項目	基建項目	基建項目	基建項目	基建項目	基建項目
94	基建融資促進辦公室	基建融資促進辦公室	基建融資促進辦公室	基建融資促進辦公室	基建融資促進辦公室	▁181
95	亞洲衍生工具業務	亞洲衍生工具業務	亞洲衍生工具業務	亞洲衍生工具業務	亞洲衍生工具業務	▁12
96	大灣區	大灣區	大灣區	大灣區	大灣區	▁30
97	金管局	金管局	金管局	金管局	金管局	金管局
98	企業財資中心	企業財資中心	企業財資中心	企業財資中心	企業財資中心	企業財資中心
99	私募基金	私募基金	私募基金	私募基金	私募基金	▁105
100	金融機構	金融機構	金融機構	金融機構	金融機構	金融機構
101	金融風險	金融風險	金融風險	金融風險	金融風險	金融風險
102	基建融資	基建融資	基建融資	基建融資	基建融資	▁206
103	跨國企業	跨國企業	跨國企業	跨國企業	跨國企業	跨國企業
104	私募基金	私募基金	私募基金	私募股權	私募基金	私募股權
105	私募基金	私募基金	私募基金	私募基金	私募基金	▁302
106	專業服務業	專業服務業	專業服務業	專業服務業	專業服務業	▁307
107	財資中心	財資中心	財資中心	財資中心	財資中心	企業財資中心
108	債券通	債券通	債券通	債券通	債券通	債券通
109	北向通	北向通	北向通	北向	北向通	北向通
110	債券通北向通	債券通北向通	債券通北向通	債券通北向通	債券通北向通	▁271
111	幣實時 總額 結算系統	幣實時 總額 結算系統	幣實時 總額 結算系統	幣實時 總額 結算系統	幣實時 總額 結算系統	▁322
112	滬港 股票	滬港 股票	滬港 股票	滬港 股票	滬港 股票	▁353
113	深港 股票	深港 股票	深港 股票	深港 股票	深港 股票	▁355
114	平均每日成交額	平均每日成交額	平均每日成交額	平均每日成交額	平均每日成交額	平均每日成交額
115	金融 中介	金融 中介	金融 中介	金融 中介	金融 中介	▁126
116	市場 互聯	市場 互聯	市場 互聯	市場 互聯	市場 互聯	▁266
117	離岸人民幣業務	離岸人民幣業務	離岸人民幣業務	離岸人民幣業務	離岸人民幣業務	離岸人民幣業務
118	離岸人民幣市場	離岸人民幣市場	離岸人民幣市場	離岸人民幣市場	離岸人民幣市場	離岸人民幣市場
119	人民幣實時總額結算系統	人民幣實時總額結算系統	人民幣實時總額結算系統	人民幣實時總額結算系統	人民幣實時總額結算系統	▁335
120	股票 市場	股市	股票 市場	股市	股票 市場	股市
121	培育人才	培育人才	培育人才	培育人才	培育人才	培育人才
122	銀行業	銀行業	銀行業	銀行業	銀行業	銀行業
123	金融科技	金融科技	金融科技	金融科技	金融科技	金融科技
124	金融科技人才加速計劃	金融科技人才加速計劃	金融科技人才加速計劃	金融科技人才加速計劃	金融科技人才加速計劃	▁135
125	金管局	金管局	金管局	金管局	金管局	金管局
126	培育人才	培育人才	培育人才	培育人才	培育人才	培育人才
127	學徒計劃	學徒計劃	學徒計劃	學徒先導計畫	學徒計劃	▁10
128	銀行業	銀行業	銀行業	銀行業	銀行業	銀行業
129	反 恐怖分子	反 恐怖分子	反 恐怖分子	反 恐怖分子	反 恐怖分子	▁63
130	網絡安全	網絡安全	網絡安全	網絡安全	網絡安全	網絡安全
131	專業 發展	專業 發展	專業 發展	專業發展	專業 發展	▁306
132	零售財富管理	零售財富管理	零售財富管理	零售財富管理	零售財富管理	零售財富管理
133	財庫管理	財庫管理	財庫管理	財庫管理	財庫管理	▁391
134	資歷 框架	資歷 框架	資歷 框架	能力 架構	資歷 框架	▁103
135	審慎 投資 策略	審慎 投資 策略	審慎 投資 策略	審慎 投資 策略	審慎 投資 策略	▁311
136	支持組合	支持組合	支持組合	支持組合	支持組合	支持組合
137	外匯基金	外匯基金	外匯基金	外匯基金	外匯基金	外匯基金
138	金管局	金管局	金管局	金管局	金管局	金管局
139	投資組合	投資組合	投資組合	投資組合	投資組合	投資組合
140	長期增長組合	長期增長組合	長期增長組合	LTGP	長期增長組合	長期增長組合
141	長期增長組合	長期增長組合	長期增長組合	長期增長組合	長期增長組合	長期增長組合
142	▔	▁21	▔	▁18	▔	外匯基金的管理
143	外匯基金	外匯基金	外匯基金	外匯基金	外匯基金	外匯基金
144	年化內部回報率	年化內部回報率	年化內部回報率	年化內部回報率	年化內部回報率	▁9
145	保本	保本	保本	保本	保本	保本
146	成立	成立	成立	成立	成立	▁199
147	投資表現	投資表現	投資表現	投資表現	投資表現	投資表現
148	投資回報	投資回報	投資回報	投資報酬	投資回報	投資回報率
149	長期增長組合下的投資	長期增長組合下的投資	長期增長組合下的投資	LTGP 下 的 投資	長期增長組合下的投資	▁222
150	長期增長	長期增長	長期增長	期 增長	長期增長	▁238
151	整體投資回報	整體投資回報	整體投資回報	整體投資回報	整體投資回報	▁281
152	審慎管理	審慎管理	審慎管理	審慎管理	審慎管理	▁312
153	資產價格	資產價格	資產價格	資產價格	資產價格	資產價格
154	資金流向	資金流向	資金流向	資金流向	資金流向	資金流向
155	實體經濟	實體經濟	實體經濟	實體經濟	實體經濟	實體經濟
156	▔	▁6	▔	兌換保證	▔	兌換保證
157	兌換 保證	兌換 保證	兌換 保證	兌換 保證	兌換 保證	▁59
158	外匯基金	外匯基金	外匯基金	外匯基金	外匯基金	外匯基金
159	金管局	金管局	金管局	金管局	金管局	金管局
160	港元貨幣基礎	港元貨幣基礎	港元貨幣基礎	港元貨幣基礎	港元貨幣基礎	港元貨幣基礎
161	港元利率	港元利率	港元利率	港元利率	港元利率	▁187
162	貨幣基礎	貨幣基礎	貨幣基礎	貨幣基礎	貨幣基礎	貨幣基礎
163	外匯基金	外匯基金	外匯基金	外匯基金	外匯基金	外匯基金
164	銀行業穩定	銀行業穩定	銀行業穩定	銀行業穩定性	銀行業穩定	▁25
165	資金外流	資本外流	資金外流	資本外流	資金外流	資金外流
166	率 制度	率 制度	率 制度	匯 率 制度	率 制度	匯率制度
167	金融體系	金融體系	金融體系	金融體系	金融體系	金融體系
168	防線	防線	防線	防線	防線	▁232
169	超級換匯者	超級換匯者	超級換匯者	超級換匯者	超級換匯者	▁373
170	弱方兌換保證	弱方兌換保證	弱方兌換保證	弱方兌換保證	弱方兌換保證	▁400
171	弱方兌換保證	弱方兌換保證	弱方兌換保證	弱方兌換保證	弱方兌換保證	弱方兌換保證
172	房屋負擔能力	房屋負擔能力	房屋負擔能力	房價負擔能力	房屋負擔能力	▁194
173	物業 市場	市場	物業 市場	市場	物業 市場	▁308
174	住宅物業市場	住宅物業市場	住宅物業市場	住宅物業市場	住宅物業市場	住宅物業市場
175	股市	股市	股市	股市	股市	股市
176	香港銀行業	香港銀行業	香港銀行業	香港銀行業	香港銀行業	▁185
177	資產質素	資產質素	資產質素	資產質素	資產質素	資產質素
178	資本及流動性	資本及流動性	資本及流動性	資本及流動性	資本及流動性	▁41
179	流動性	流動性	流動性	流動性	流動性	流動性
180	流動性	流動性	流動性	流動性	流動性	流動性狀況
181	貨幣 定性	貨幣 定性	貨幣 定性	貨幣 定性	貨幣 定性	▁258
182	匯 率 制度	率 制度	匯 率 制度	匯 率 制度	匯 率 制度	匯率制度
183	基準利率	基準利率	基準利率	基本利率	基準利率	基本利率
184	聯邦 基金 利率	聯邦 基金 利率	聯邦 基金 利率	聯邦資金利率	聯邦 基金 利率	▁398
185	聯邦基金利率	聯邦基金利率	聯邦基金利率	聯邦資金利率	聯邦基金利率	聯邦基金利率
186	銀行間流動性	銀行間流動性	銀行間流動性	銀行同業流動性	銀行間流動性	▁209
187	流動性	流動性	流動性	流動性	流動性	流動性
188	貨幣市場	貨幣市場	貨幣市場	貨幣市場	貨幣市場	貨幣市場
189	目標區間	目標區間	目標區間	目標區間	目標區間	▁379
190	銀行業穩定性	銀行業穩定	銀行業穩定性	銀行業穩定性	銀行業穩定性	▁25
191	框架	框架	框架	框架	框架	▁163
192	金管局	金管局	金管局	金管局	金管局	金管局
193	逆周期宏觀審慎措施	逆周期宏觀審慎措施	逆周期宏觀審慎措施	逆周期宏觀審慎措施	逆周期宏觀審慎措施	▁65
194	流動性	流動性	流動性	流動性	流動性	流動性
195	市場	市場	市場	市場	市場	▁308
196	風險管理框架	風險管理框架	風險管理框架	治理 架構	風險管理框架	▁343
197	科技風險管理	科技風險管理	科技風險管理	技術風險管理	科技風險管理	科技風險管理
198	金管局	金管局	金管局	金管局	金管局	金管局
199	香港銀行業	香港銀行業	香港銀行業	香港銀行業	香港銀行業	▁185
200	決議辦公室	處置辦公室	決議辦公室	處置辦公室	決議辦公室	▁338
201	決議機制	決議機制	決議機制	決議機制	決議機制	處置機制
202	銀行業穩定性	銀行業穩定	銀行業穩定性	銀行業穩定性	銀行業穩定性	▁25
203	國際監管標準	國際監管標準	國際監管標準	國際監管標準	國際監管標準	國際監管標準
204	防線	防線	防線	防線	防線	▁232
205	金融中心	▁19	金融中心	國際金融中心	金融中心	國際金融中心
206	金融科技	金融科技	金融科技	金融科技	金融科技	金融科技
207	銀行與科技融合	銀行與科技融合	銀行與科技融合	銀行與科技融合	銀行與科技融合	▁58
208	金融科技樞紐	金融科技樞紐	金融科技樞紐	金融科技樞紐	金融科技樞紐	▁137
209	網絡及能力建設	網絡及能力建設	網絡及能力建設	網絡及能力建設	網絡及能力建設	▁269
210	七項新措施	七項新措施	七項新措施	七項 新 措施	七項新措施	▁352
211	債券通	債券通	債券通	債券通	債券通	債券通
212	離岸人民幣業務	離岸人民幣業務	離岸人民幣業務	離岸人民幣業務	離岸人民幣業務	離岸人民幣業務
213	儲備管理	儲備管理	儲備管理	儲備管理	儲備管理	儲備管理
214	外匯基金	外匯基金	外匯基金	外匯基金	外匯基金	外匯基金
215	外匯基金	外匯基金	外匯基金	外匯基金	外匯基金	外匯基金
216	投資回報率	投資回報	投資回報率	投資報酬	投資回報率	投資回報率
217	長期增長組合	長期增長組合	長期增長組合	LTGP	長期增長組合	長期增長組合
218	長期增長組合	長期增長組合	長期增長組合	長期增長組合	長期增長組合	長期增長組合
219	年化內部回報率	年化內部回報率	年化內部回報率	年化內部回報率	年化內部回報率	▁9
220	成立	成立	成立	成立	成立	▁199
221	投資多元化	投資多元化	投資多元化	投資多元化	投資多元化	▁217
222	長期增長	長期增長	長期增長	期 增長	長期增長	▁238
223	企業職能	企業職能	企業職能	▁3	企業職能	▁62
224	金管局	金管局	金管局	金管局	金管局	金管局
225	公眾教育計畫	公眾教育計畫	公眾教育計畫	公眾教育計畫	公眾教育計畫	▁319
226	金管局	金管局	金管局	金管局	金管局	金管局
227	資訊科技安全	資訊科技安全	資訊科技安全	資訊科技安全	資訊科技安全	▁224
228	財務紀律	財務紀律	財務紀律	財務紀律	財務紀律	▁124
229	專業發展	專業 發展	專業發展	專業發展	專業發展	▁306
230	第十屆亞洲金融論壇	第十屆亞洲金融論壇	第十屆亞洲金融論壇	第十屆亞洲金融論壇	第十屆亞洲金融論壇	▁1
231	金管局	金管局	金管局	金管局	金管局	金管局
232	IFFO	IFFO	IFFO	IFFO	IFFO	IFFO
233	基建融資促進辦公室	基建融資促進辦公室	基建融資促進辦公室	基建融資促進辦公室	基建融資促進辦公室	基建融資促進辦公室
234	基建融資	基建融資	基建融資	基建融資	基建融資	▁206
235	基建融資促進辦公室	基建融資促進辦公室	基建融資促進辦公室	基建融資促進辦公室	基建融資促進辦公室	▁181
236	金管局	金管局	金管局	金管局	金管局	金管局
237	逆周期資本緩衝比率	逆周期資本緩衝比率	逆周期資本緩衝比率	逆周期資本緩衝比率	逆周期資本緩衝比率	▁64
238	政府債券	政府債券	政府債券	政府債券	政府債券	政府債券
239	政府債券計畫	政府債券計畫	政府債券計畫	政府債券計畫	政府債券計畫	▁165
240	蘇庫克	蘇庫克	蘇庫克	蘇庫克	蘇庫克	▁372
241	一帶一路	一帶一路	一帶一路	一帶一路	一帶一路	一帶一路
242	一帶一路	一帶一路	一帶一路	一帶一路	一帶一路	一帶一路
243	一帶一路	一帶一路	一帶一路	一帶一路	一帶一路	一帶一路
244	▔	▁13	▔	HKAB	▔	▁177
245	IFFO	IFFO	IFFO	IFFO	IFFO	IFFO
246	基建融資	基建融資	基建融資	基建融資	基建融資	▁206
247	香港銀行公會	香港銀行公會	香港銀行公會	香港銀行公會	香港銀行公會	香港銀行公會
248	基本利率	基準利率	基本利率	基本利率	基本利率	基本利率
249	金管局	金管局	金管局	金管局	金管局	金管局
250	聯邦資金利率	聯邦 基金 利率	聯邦資金利率	聯邦資金利率	聯邦資金利率	▁398
251	聯邦資金利率	聯邦基金利率	聯邦資金利率	聯邦資金利率	聯邦資金利率	聯邦基金利率
252	金管局	金管局	金管局	金管局	金管局	金管局
253	獨立非執行董事	獨立非執行董事	獨立非執行董事	獨立非執行董事	獨立非執行董事	獨立非執行董事
254	銀行業	銀行業	銀行業	銀行業	銀行業	銀行業
255	執行董事	獨立非執行董事	執行董事	執行董事	執行董事	▁110
256	債務融資和投資者圓桌會議	債務融資和投資者圓桌會議	債務融資和投資者圓桌會議	債務融資及投資者圓桌會議	債務融資和投資者圓桌會議	▁77
257	新興市場	新興市場	新興市場	新興市場	新興市場	新興市場
258	IFFO	IFFO	IFFO	IFFO	IFFO	IFFO
259	新興市場基建投資參考條款表	新興市場基建投資參考條款表	新興市場基建投資參考條款表	新興市場基建投資參考條款表	新興市場基建投資參考條款表	▁325
260	新興市場	新興市場	新興市場	新興市場	新興市場	新興市場
261	公共 及 私人 機構	公共 及 私人 機構	公共 及 私人 機構	公共 及 私人 機構	公共 及 私人 機構	▁318
262	金管局	金管局	金管局	金管局	金管局	金管局
263	專用 電郵 帳戶	專用 電郵 帳戶	專用 電郵 帳戶	專用 電郵 帳戶	專用 電郵 帳戶	▁80
264	金融科技	金融科技	金融科技	金融科技	金融科技	金融科技
265	金管局	金管局	金管局	金管局	金管局	金管局
266	最佳金融科技獎	最佳金融科技獎	最佳金融科技獎	最佳金融科技獎	最佳金融科技獎	▁189
267	香港銀行學會	香港銀行學會	香港銀行學會	香港銀行學會	香港銀行學會	香港銀行學會
268	處置辦公室	處置辦公室	處置辦公室	FIRO	處置辦公室	▁140
269	金管局	金管局	金管局	金管局	金管局	金管局
270	香港 處置 機制	香港 處置 機制	香港 處置 機制	香港 處理 機制	香港 處置 機制	▁192
271	處置辦公室	處置辦公室	處置辦公室	處置辦公室	處置辦公室	▁338
272	處置機制	決議機制	處置機制	決議機制	處置機制	處置機制
273	金融機構	金融機構	金融機構	金融機構	金融機構	金融機構
274	金管局	金管局	金管局	金管局	金管局	金管局
275	私人財富管理協會	私人財富管理協會	私人財富管理協會	PWMA	私人財富管理協會	▁320
276	私人財富管理協會	私人財富管理協會	私人財富管理協會	私人財富管理協會	私人財富管理協會	▁304
277	學徒先導計畫	學徒計劃	學徒先導計畫	學徒先導計畫	學徒先導計畫	▁10
278	FIRO	處置辦公室	FIRO	FIRO	FIRO	▁140
279	金管局	金管局	金管局	金管局	金管局	金管局
280	保險業監管局	保險業監管局	保險業監管局	保險業監管局	保險業監管局	保險業監管局
281	證監會	證監會	證監會	證監會	證監會	證監會
282	證券及期貨事務監察委員會	證券及期貨事務監察委員會	證券及期貨事務監察委員會	證券及期貨事務監察委員會	證券及期貨事務監察委員會	證券及期貨事務監察委員會
283	金融監管機構	金融監管機構	金融監管機構	金融監管機構	金融監管機構	金融監管機構
284	受保護安排規例	受保護安排規例	受保護安排規例	受保護安排規例	受保護安排規例	▁310
285	附屬法例	附屬法例	附屬法例	附屬法例	附屬法例	附屬法例
286	董事 會	董事 會	董事 會	董事	董事 會	▁33
287	香港按揭證券有限公司	香港按揭證券有限公司	香港按揭證券有限公司	香港按揭證券有限公司	香港按揭證券有限公司	香港按揭證券有限公司
288	香港按揭證券有限公司	香港按揭證券有限公司	香港按揭證券有限公司	香港按揭證券有限公司	香港按揭證券有限公司	香港按揭證券有限公司
289	壽險年金計畫	壽險年金計畫	壽險年金計畫	壽險年金計畫	壽險年金計畫	▁231
290	一次性 支付	一次性 支付	一次性 支付	一次性 支付	一次性 支付	▁239
291	一帶一路	一帶一路	一帶一路	一帶一路	一帶一路	一帶一路
292	金管局	金管局	金管局	金管局	金管局	金管局
293	香港中華企業協會	香港中華企業協會	香港中華企業協會	香港中華企業協會	香港中華企業協會	▁186
294	第四 香港 澳洲 幣貿易 及 投資 話	第四 香港 澳洲 幣貿易 及 投資 話	第四 香港 澳洲 幣貿易 及 投資 話	第四 香港 澳洲 幣貿易 及 投資 話	第四 香港 澳洲 幣貿易 及 投資 話	▁146
295	離岸人民幣業務	離岸人民幣業務	離岸人民幣業務	離岸人民幣業務	離岸人民幣業務	離岸人民幣業務
296	金融機構	金融機構	金融機構	金融機構	金融機構	金融機構
297	金管局	金管局	金管局	金管局	金管局	金管局
298	一帶一路	一帶一路	一帶一路	一帶一路	一帶一路	一帶一路
299	一帶一路國際合作高峰論壇	一帶一路國際合作高峰論壇	一帶一路國際合作高峰論壇	一帶一路國際合作高峰論壇	一帶一路國際合作高峰論壇	一帶一路國際合作高峰論壇
300	金管局總裁	金管局總裁	金管局總裁	金管局總裁	金管局總裁	金管局總裁
301	金融連通性	金融連通性	金融連通性	金融連通性	金融連通性	▁122
302	金管局	金管局	金管局	金管局	金管局	金管局
303	金管局	金管局	金管局	金管局	金管局	金管局
304	按揭 貸款	按揭 貸款	按揭 貸款	按揭 貸款	按揭 貸款	▁309
305	措施	措施	措施	審慎措施	措施	▁313
306	宏觀審慎管理措施	宏觀審慎管理措施	宏觀審慎管理措施	不動產按揭貸款的審慎措施	宏觀審慎管理措施	▁314
307	全球 準則	全球 準則	全球 準則	全球 準則	全球 準則	▁152
308	全球 外匯 委員會	全球 外匯 委員會	全球 外匯 委員會	全球 外匯 委員會	全球 外匯 委員會	▁160
309	金管局	金管局	金管局	金管局	金管局	金管局
310	欺詐及洗錢情報工作小組	欺詐及洗錢情報工作小組	欺詐及洗錢情報工作小組	欺詐及洗錢情報工作小組	欺詐及洗錢情報工作小組	▁147
311	HKAB	▁13	HKAB	HKAB	HKAB	▁177
312	金管局	金管局	金管局	金管局	金管局	金管局
313	金融犯罪	金融犯罪	金融犯罪	金融犯罪	金融犯罪	▁123
314	試點項目	試點項目	試點項目	試點項目	試點項目	▁288
315	金融科技	金融科技	金融科技	金融科技	金融科技	金融科技
316	金管局	金管局	金管局	金管局	金管局	金管局
317	▔	▁24	▔	OFDS	▔	▁272
318	深圳市人民政府金融發展服務辦公室	深圳市人民政府金融發展服務辦公室	深圳市人民政府金融發展服務辦公室	深圳市人民政府金融發展服務辦公室	深圳市人民政府金融發展服務辦公室	深圳市人民政府金融發展服務辦公室
319	金融機構	金融機構	金融機構	金融機構	金融機構	金融機構
320	▔	▁1	▔	AIIB	▔	▁6
321	亞洲基礎設施投資銀行	亞洲基礎設施投資銀行	亞洲基礎設施投資銀行	亞洲基礎設施投資銀行	亞洲基礎設施投資銀行	亞洲基礎設施投資銀行
322	金管局	金管局	金管局	金管局	金管局	金管局
323	PWMA	私人財富管理協會	PWMA	PWMA	PWMA	▁320
324	私人財富管理行業	私人財富管理行業	私人財富管理行業	私人財富管理行業	私人財富管理行業	私人財富管理行業
325	公平 戶約章	公平 戶約章	公平 戶約章	公平 戶約章	公平 戶約章	▁394
326	基本利率	基準利率	基本利率	基本利率	基本利率	基本利率
327	金管局	金管局	金管局	金管局	金管局	金管局
328	聯邦資金利率	聯邦 基金 利率	聯邦資金利率	聯邦資金利率	聯邦資金利率	▁398
329	聯邦資金利率	聯邦基金利率	聯邦資金利率	聯邦資金利率	聯邦資金利率	聯邦基金利率
330	政府債券	政府債券	政府債券	政府債券	政府債券	政府債券
331	政府債券計畫	政府債券計畫	政府債券計畫	政府債券計畫	政府債券計畫	▁165
332	銀債	銀債	銀債	銀債	銀債	▁357
333	電子單據呈交及付款	電子單據呈交及付款	電子單據呈交及付款	電子單據呈交及付款	電子單據呈交及付款	▁101
334	中國人民銀行廣州分行	中國人民銀行廣州分行	中國人民銀行廣州分行	中國人民銀行廣州分行	中國人民銀行廣州分行	▁170
335	金管局	金管局	金管局	金管局	金管局	金管局
336	▔	▁25	▔	▁20	▔	▁285
337	中國 人民 銀行	中國 人民 銀行	中國 人民 銀行	中國 人民 銀行	中國 人民 銀行	▁287
338	金管局	金管局	金管局	金管局	金管局	金管局
339	場外衍生工具產品	場外衍生工具產品	場外衍生工具產品	場外衍生工具產品	場外衍生工具產品	場外衍生工具產品
340	場外衍生工具監管制度	場外衍生工具監管制度	場外衍生工具監管制度	場外衍生工具監管制度	場外衍生工具監管制度	場外衍生工具監管制度
341	證監會	證監會	證監會	證監會	證監會	證監會
342	金管局總裁	金管局總裁	金管局總裁	金管局總裁	金管局總裁	金管局總裁
343	東春投資	東春投資	東春投資	東春投資	東春投資	▁99
344	金管局	金管局	金管局	金管局	金管局	金管局
345	國際金融公司	國際金融公司	國際金融公司	IFC	國際金融公司	國際金融公司
346	IFFO	IFFO	IFFO	IFFO	IFFO	IFFO
347	國際金融公司	國際金融公司	國際金融公司	國際金融公司	國際金融公司	國際金融公司
348	MCPP	MCPP	MCPP	MCPP	MCPP	▁247
349	投資 計畫	投資 計畫	投資 計畫	投資 計畫	投資 計畫	▁243
350	世界銀行集團	世界銀行集團	世界銀行集團	世界銀行集團	世界銀行集團	世界銀行集團
351	新興市場	新興市場	新興市場	新興市場	新興市場	新興市場
352	設施 項目	基建項目	設施 項目	基建項目	設施 項目	基建項目
353	債券通	債券通	債券通	債券通	債券通	債券通
354	內地債券市場	內地債券市場	內地債券市場	內地債券市場	內地債券市場	▁241
355	跨境平台	跨境平台	跨境平台	跨境平台	跨境平台	跨境平台
356	人民幣合格境外機構投資者額度	人民幣合格境外機構投資者額度	人民幣合格境外機構投資者額度	人民幣合格境外機構投資者額度	人民幣合格境外機構投資者額度	▁334
357	國務院	國務院	國務院	國務院	國務院	國務院
358	人民幣合格境外機構投資者	人民幣合格境外機構投資者	人民幣合格境外機構投資者	人民幣合格境外機構投資者	人民幣合格境外機構投資者	▁333
359	FIRO	處置辦公室	FIRO	FIRO	FIRO	▁140
360	財政司司長	財政司司長	財政司司長	財政司司長	財政司司長	財政司司長
361	金管局	金管局	金管局	金融管理局	金管局	▁256
362	處置機制	決議機制	處置機制	決議機制	處置機制	處置機制
363	主要處置機構	主要處置機構	主要處置機構	主要處置機構	主要處置機構	▁227
364	主要處置機構	主要處置機構	主要處置機構	主要處置機構	主要處置機構	▁337
365	AIIB	▁1	AIIB	AIIB	AIIB	▁6
366	金管局	金管局	金管局	金管局	金管局	金管局
367	金融科技	金融科技	金融科技	金融科技	金融科技	金融科技
368	金融科技人才加速計畫	金融科技人才加速計劃	金融科技人才加速計畫	金融科技人才加速計劃	金融科技人才加速計畫	▁135
369	金管局	金管局	金管局	金管局	金管局	金管局
370	香港應用科技研究院	香港應用科技研究院	香港應用科技研究院	香港應用科技研究院	香港應用科技研究院	香港應用科技研究院
371	哈佛甘迺迪學院	哈佛甘迺迪學院	哈佛甘迺迪學院	哈佛甘迺迪學院	哈佛甘迺迪學院	▁175
372	IFC	國際金融公司	IFC	IFC	IFC	國際金融公司
373	IFFO	IFFO	IFFO	IFFO	IFFO	IFFO
374	公私	公私	公私	公私	公私	▁317
375	高級行政人員培訓課程	高級行政人員培訓課程	高級行政人員培訓課程	高級行政人員培訓課程	高級行政人員培訓課程	高級行政人員培訓課程
376	金管局	金管局	金管局	金管局	金管局	金管局
377	零售支付系統	零售支付系統	零售支付系統	零售支付系統	零售支付系統	零售支付系統
378	支付系統及儲值設施條例	支付系統及儲值設施條例	支付系統及儲值設施條例	支付系統及儲值設施條例	支付系統及儲值設施條例	▁284
379	金管局	金管局	金管局	金管局	金管局	金管局
380	商業信貸資料服務處	商業信貸資料服務處	商業信貸資料服務處	商業信貸資料服務處	商業信貸資料服務處	▁54
381	DTC 協會	DTC 協會	DTC 協會	DTC 協會	DTC 協會	▁98
382	HKAB	▁13	HKAB	HKAB	HKAB	▁177
383	金管局	金管局	金管局	金管局	金管局	金管局
384	中國銀行業監督管理委員會	中國銀行業監督管理委員會	中國銀行業監督管理委員會	中國銀行業監督管理委員會	中國銀行業監督管理委員會	中國銀行業監督管理委員會
385	金管局	金管局	金管局	金管局	金管局	金管局
386	香港高級銀行家研討會	香港高級銀行家研討會	香港高級銀行家研討會	香港高級銀行家研討會	香港高級銀行家研討會	▁193
387	高級銀行家研討會	高級銀行家研討會	高級銀行家研討會	高級銀行家研討會	高級銀行家研討會	▁350
388	一帶一路	一帶一路	一帶一路	一帶一路	一帶一路	一帶一路
389	一帶一路	一帶一路	一帶一路	一帶一路	一帶一路	一帶一路
390	▔	▁3	▔	▁2	▔	▁32
391	IFFO	IFFO	IFFO	IFFO	IFFO	IFFO
392	金管局	金管局	金管局	金管局	金管局	金管局
393	財庫市場公會	財庫市場公會	財庫市場公會	財庫市場公會	財庫市場公會	▁392
394	財庫市場高峰會	財庫市場高峰會	財庫市場高峰會	財庫市場高峰會	財庫市場高峰會	▁393
395	金管局	金管局	金管局	金管局	金管局	金管局
396	IFC	國際金融公司	IFC	IFC	IFC	國際金融公司
397	MCPP	MCPP	MCPP	MCPP	MCPP	▁247
398	新興市場	新興市場	新興市場	新興市場	新興市場	新興市場
399	金管局	金管局	金管局	金管局	金管局	金管局
400	香港與瑞士金融對話	香港與瑞士金融對話	香港與瑞士金融對話	香港與瑞士金融對話	香港與瑞士金融對話	▁184
401	國家秘書處	國家秘書處	國家秘書處	國家秘書處	國家秘書處	▁365
402	瑞士聯邦財政部	瑞士聯邦財政部	瑞士聯邦財政部	瑞士聯邦財政部	瑞士聯邦財政部	瑞士聯邦財政部
403	數碼港	數碼港	數碼港	數碼港	數碼港	數碼港
404	金融科技	金融科技	金融科技	金融科技	金融科技	金融科技
405	金管局	金管局	金管局	金管局	金管局	金管局
406	香港數碼港	香港數碼港	香港數碼港	香港數碼港	香港數碼港	香港數碼港
407	金融科技代表團	金融科技代表團	金融科技代表團	金融科技代表團	金融科技代表團	▁136
408	一帶一路	一帶一路	一帶一路	一帶一路	一帶一路	一帶一路
409	金管局	金管局	金管局	金管局	金管局	金管局
410	香港貿易發展局	香港貿易發展局	香港貿易發展局	香港貿易發展局	香港貿易發展局	香港貿易發展局
411	加快支付系統	加快支付系統	加快支付系統	快速支付系統	加快支付系統	快速支付系統
412	金融科技	金融科技	金融科技	金融科技	金融科技	金融科技
413	科技 監管 沙盒	科技 監管 沙盒	科技 監管 沙盒	科技 監管 沙盒	科技 監管 沙盒	金融科技監管沙盒
414	科技 監管 沙盒 2.0	科技 監管 沙盒 2.0	科技 監管 沙盒 2.0	科技 監管 沙盒 2.0	科技 監管 沙盒 2.0	▁139
415	金管局	金管局	金管局	金管局	金管局	金管局
416	智慧銀行新紀元	智慧 銀行 新	智慧銀行新紀元	智慧銀行新紀元	智慧銀行新紀元	智慧銀行新紀元
417	開放 API	開放 API	開放 API	開放 API	開放 API	▁274
418	虛擬銀行	虛擬銀行	虛擬銀行	虛擬銀行	虛擬銀行	虛擬銀行
419	跨境合作	跨境合作	跨境合作	跨境合作	跨境合作	跨境合作
420	流動	流動性	流動	流動性	流動	流動性
421	DLT	DLT	DLT	DLT	DLT	DLT
422	金融科技	金融科技	金融科技	金融科技	金融科技	金融科技
423	金管局	金管局	金管局	金管局	金管局	金管局
424	金融科技日	金融科技日	金融科技日	金融科技日	金融科技日	▁179
425	開放 API	開放 API	開放 API	開放 API	開放 API	▁274
426	大數據	大數據	大數據	大數據	大數據	大數據
427	跨境合作	跨境合作	跨境合作	跨境合作	跨境合作	跨境合作
428	分布式帳本技術	分布式帳本技術	分布式帳本技術	分布式帳本技術	分布式帳本技術	▁93
429	合作協議	合作協議	合作協議	合作協議	合作協議	合作協議
430	金融科技	金融科技	金融科技	金融科技	金融科技	金融科技
431	金管局	金管局	金管局	金管局	金管局	金管局
432	金融管理局	金融管理局	金融管理局	MAS	金融管理局	▁246
433	金融管理局	金管局	金融管理局	金融管理局	金融管理局	▁256
434	新加坡金融管理局	新加坡金融管理局	新加坡金融管理局	新加坡金融管理局	新加坡金融管理局	新加坡金融管理局
435	金融科技	金融科技	金融科技	金融科技	金融科技	金融科技
436	金管局	金管局	金管局	金管局	金管局	金管局
437	OFDS	▁24	OFDS	OFDS	OFDS	▁272
438	互惠軟著陸支持	互惠軟著陸支持	互惠軟著陸支持	互惠軟著陸支持	互惠軟著陸支持	▁323
439	人才發展計畫	人才發展計畫	人才發展計畫	人才發展計畫	人才發展計畫	▁378
440	DLT	DLT	DLT	DLT	DLT	DLT
441	金管局	金管局	金管局	金管局	金管局	金管局
442	白皮書	白皮書	白皮書	白皮書	白皮書	白皮書
443	財政部	財政部	財政部	財政部	財政部	▁251
444	主權債券	主權債券	主權債券	主權債券	主權債券	主權債券
445	金管局	金管局	金管局	金管局	金管局	金管局
446	註冊機構	註冊機構	註冊機構	註冊機構	註冊機構	註冊機構
447	金管局	金管局	金管局	金管局	金管局	金管局
448	PWMA	私人財富管理協會	PWMA	PWMA	PWMA	▁320
449	學徒先導計畫	學徒計劃	學徒先導計畫	學徒先導計畫	學徒先導計畫	▁10
450	一帶一路	一帶一路	一帶一路	一帶一路	一帶一路	一帶一路
451	金管局	金管局	金管局	金管局	金管局	金管局
452	香港交易所	香港交易所	香港交易所	香港交易所股份有限公司	香港交易所	▁188
453	國務院	國務院	國務院	國務院	國務院	國務院
454	DLT	DLT	DLT	DLT	DLT	DLT
455	貿易 繫 路	貿易 繫 路	貿易 繫 路	全球貿易連接網絡	貿易 繫 路	全球貿易連接網絡
456	金管局	金管局	金管局	金管局	金管局	金管局
457	MAS	金融管理局	MAS	MAS	MAS	▁246
458	諒解備忘錄	諒解備忘錄	諒解備忘錄	諒解備忘錄	諒解備忘錄	諒解備忘錄
459	貿易融資	貿易融資	貿易融資	貿易融資	貿易融資	貿易融資
460	金管局	金管局	金管局	金管局	金管局	金管局
461	證監會	證監會	證監會	證監會	證監會	證監會
462	主題檢討	主題檢討	主題檢討	專題審查	主題檢討	▁382
463	EPS	EPS	EPS	EPS	EPS	▁104
464	HKAB	▁13	HKAB	HKAB	HKAB	▁177
465	銀行業	銀行業	銀行業	銀行業	銀行業	銀行業
466	試點計畫	試點計劃	試點計畫	試點計劃	試點計畫	試點計劃
467	金管局	金管局	金管局	金管局	金管局	金管局
468	銀行	▁25	銀行	▁20	銀行	▁285
469	金融科技	金融科技	金融科技	金融科技	金融科技	金融科技
470	金融科技監管聊天室	金融科技監管聊天室	金融科技監管聊天室	金融科技監管聊天室	金融科技監管聊天室	金融科技監管聊天室
471	金融科技監管沙盒	科技 監管 沙盒	金融科技監管沙盒	科技 監管 沙盒	金融科技監管沙盒	金融科技監管沙盒
472	科技 監管 沙盒 2.0	科技 監管 沙盒 2.0	科技 監管 沙盒 2.0	科技 監管 沙盒 2.0	科技 監管 沙盒 2.0	▁139
473	金管局	金管局	金管局	金管局	金管局	金管局
474	第四條款	第四條款	第四條款	第四條款	第四條款	▁11
475	結論聲明	結論聲明	結論聲明	結論聲明	結論聲明	▁55
476	▔	▁14	▔	▁12	▔	▁182
477	香港特別行政區	香港特別行政區	香港特別行政區	香港特別行政區	香港特別行政區	香港特別行政區
478	國際貨幣基金組織	國際貨幣基金組織	國際貨幣基金組織	國際貨幣基金組織	國際貨幣基金組織	國際貨幣基金組織
479	聯匯制度	率 制度	聯匯制度	匯 率 制度	聯匯制度	匯率制度
480	財政儲備	財政儲備	財政儲備	財政儲備	財政儲備	▁141
481	穩健的政策框架	穩健的政策框架	穩健的政策框架	穩健的政策框架	穩健的政策框架	穩健的政策框架
482	迪拜金融服務管理局	迪拜金融服務管理局	迪拜金融服務管理局	杜拜金融服務管理局	迪拜金融服務管理局	迪拜金融服務管理局
483	迪拜國際金融中心	迪拜國際金融中心	迪拜國際金融中心	迪拜國際金融中心	迪拜國際金融中心	迪拜國際金融中心
484	金融科技	金融科技	金融科技	金融科技	金融科技	金融科技
485	金管局	金管局	金管局	金管局	金管局	金管局
486	國際金融中心	▁19	國際金融中心	國際金融中心	國際金融中心	國際金融中心
487	基本利率	基準利率	基本利率	基本利率	基本利率	基本利率
488	金管局	金管局	金管局	金管局	金管局	金管局
489	聯邦資金利率	聯邦 基金 利率	聯邦資金利率	聯邦資金利率	聯邦資金利率	▁398
490	聯邦資金利率	聯邦基金利率	聯邦資金利率	聯邦資金利率	聯邦資金利率	聯邦基金利率
491	通膨壓力	通膨壓力	通膨壓力	通膨壓力	通膨壓力	▁204
492	GDP	GDP	GDP	GDP	GDP	▁153
493	本地生產毛額	本地生產毛額	本地生產毛額	本地生產毛額	本地生產毛額	▁167
494	資產價格	資產價格	資產價格	資產價格	資產價格	資產價格
495	營商氣氛	營商氣氛	營商氣氛	營商氣氛	營商氣氛	營商氣氛
496	貨運 流量	貨運 流量	貨運 流量	貨運 流量	貨運 流量	▁43
497	本地需求	本地需求	本地需求	本地需求	本地需求	本地需求
498	商品出口	商品出口	商品出口	商品出口	商品出口	▁111
499	服務輸出	服務輸出	服務輸出	服務輸出	服務輸出	服務輸出
500	服務	服務	服務	服務	服務	▁196
501	訪港旅遊業	訪港旅遊業	訪港旅遊業	訪港旅遊業	訪港旅遊業	訪港旅遊業
502	投資開支	投資開支	投資開支	投資開支	投資開支	▁221
503	長期增幅	長期增長	長期增幅	期 增長	長期增幅	▁238
504	貿易盈餘	貿易盈餘	貿易盈餘	貿易盈餘	貿易盈餘	▁387
505	▔	▁2	▔	▁1	▔	▁21
506	信貸增長	信貸增長	信貸增長	信用成長	信貸增長	信貸增長
507	信貸審批標準	信貸審批標準	信貸審批標準	信貸審批標準	信貸審批標準	信貸審批標準
508	匯 率 制度	率 制度	匯 率 制度	匯 率 制度	匯 率 制度	匯率制度
509	銀行同業拆息	銀行同業拆息	銀行同業拆息	銀行同業拆息	銀行同業拆息	銀行同業拆息
510	▔	▁18	▔	▁16	▔	▁212
511	利率 差距	利率 差距	利率 差距	利率 差距	利率 差距	▁213
512	流動性	流動性	流動性	流動性	流動性	流動性
513	貸款增長	貸款增長	貸款增長	貸款增長	貸款增長	▁235
514	進口	進口	進口	進口	進口	▁197
515	通膨壓力	通膨壓力	通膨壓力	通膨壓力	通膨壓力	▁204
516	名義薪資	名義薪資	名義薪資	名義薪資	名義薪資	▁270
517	▔	▁27	▔	▁22	▔	▁303
518	基本通膨率	基本通膨率	基本通膨率	基本通膨率	基本通膨率	▁396
519	勞動人口	勞動人口	勞動人口	勞動人口	勞動人口	勞動人口
520	私人機構職缺	私人機構職缺	私人機構職缺	私人機構職缺	私人機構職缺	▁301
521	專業和商業服務部門	專業和商業服務部門	專業和商業服務部門	專業和商業服務部門	專業和商業服務部門	▁305
522	節性 調整 失業率	節性 調整 失業率	節性 調整 失業率	節性 調整 失業率	節性 調整 失業率	▁348
523	失業率	失業率	失業率	失業率	失業率	失業率
524	股市	股市	股市	股市	股市	股市
525	恆生指數	恆生指數	恆生指數	恆生指數	恆生指數	▁174
526	內地投資者	內地投資者	內地投資者	內地投資者	內地投資者	內地投資者
527	股市通	股市通	股市通	股市通	股市通	▁368
528	平均每日成交額	平均每日成交額	平均每日成交額	平均每日成交額	平均每日成交額	平均每日成交額
529	企業盈利	企業盈利	企業盈利	企業獲利	企業盈利	企業盈利
530	股本資金	私募基金	股本資金	私募基金	股本資金	▁105
531	股市	股市	股市	股市	股市	股市
532	房地產 市場	市場	房地產 市場	市場	房地產 市場	▁308
533	金管局	金管局	金管局	金管局	金管局	金管局
534	銀行 穩健性	銀行業穩定	銀行 穩健性	銀行業穩定性	銀行 穩健性	▁25
535	工商物業市場	工商物業市場	工商物業市場	工商物業市場	工商物業市場	工商物業市場
536	房價負擔能力	房屋負擔能力	房價負擔能力	房價負擔能力	房價負擔能力	▁194
537	房價	房價	房價	房價	房價	樓價
538	收入 比率	收入 比率	收入 比率	收入 比率	收入 比率	▁200
539	物業 市場	市場	物業 市場	市場	物業 市場	▁308
540	逆周期措施	措施	逆周期措施	審慎措施	逆周期措施	▁313
541	租金 率	租金 率	租金 率	租金 率	租金 率	▁336
542	住宅物業市場	住宅物業市場	住宅物業市場	住宅物業市場	住宅物業市場	住宅物業市場
543	成交金額	成交金額	成交金額	成交金額	成交金額	▁390
544	成交量	成交量	成交量	成交量	成交量	成交量
545	建築活動	建築活動	建築活動	建築活動	建築活動	▁36
546	資本開支	資本開支	資本開支	資本開支	資本開支	資本開支
547	固定資本形成	固定資本形成	固定資本形成	固定資本形成	固定資本形成	固定資本形成
548	訪港旅遊業	訪港旅遊業	訪港旅遊業	訪港旅遊業	訪港旅遊業	訪港旅遊業
549	基建項目	基建項目	基建項目	基建項目	基建項目	基建項目
550	私人機構分析師	私人機構分析師	私人機構分析師	私人機構分析師	私人機構分析師	▁300
551	建築活動	建築活動	建築活動	建築活動	建築活動	▁36
552	整體通膨率	整體通膨率	整體通膨率	整體通膨率	整體通膨率	▁176
553	訪港旅遊業	訪港旅遊業	訪港旅遊業	訪港旅遊業	訪港旅遊業	訪港旅遊業
554	通膨壓力	通膨壓力	通膨壓力	通膨壓力	通膨壓力	▁204
555	私人 住宅 租金	▁27	私人 住宅 租金	▁22	私人 住宅 租金	▁303
556	私人機構分析師	私人機構分析師	私人機構分析師	私人機構分析師	私人機構分析師	▁300
557	基本通膨率	基本通膨率	基本通膨率	基本通膨率	基本通膨率	▁396
558	失業率	失業率	失業率	失業率	失業率	失業率
559	貨幣政策	貨幣政策	貨幣政策	貨幣政策	貨幣政策	貨幣政策
560	資產價格	資產價格	資產價格	資產價格	資產價格	資產價格
561	金融市場穩定	金融市場穩定	金融市場穩定	金融市場穩定	金融市場穩定	▁128
562	資金流向	資金流向	資金流向	資金流向	資金流向	資金流向
563	地緣政治局勢	地緣政治局勢	地緣政治局勢	地緣政治局勢	地緣政治局勢	▁156
564	貨幣政策正常化	貨幣政策正常化	貨幣政策正常化	貨幣政策正常化	貨幣政策正常化	貨幣政策正常化
565	保護主義情緒	保護主義情緒	保護主義情緒	保護主義情緒	保護主義情緒	保護主義情緒
566	實體經濟	實體經濟	實體經濟	實體經濟	實體經濟	實體經濟
567	貨幣政策	貨幣政策	貨幣政策	貨幣政策	貨幣政策	貨幣政策
568	供求差距	供求差距	供求差距	供求差距	供求差距	▁82
569	財政支持	財政支持	財政支持	財政支持	財政支持	▁134
570	房屋融資	房屋融資	房屋融資	房屋融資	房屋融資	▁183
571	貨幣政策正常化	貨幣政策正常化	貨幣政策正常化	貨幣政策正常化	貨幣政策正常化	貨幣政策正常化
572	按揭利率	按揭利率	按揭利率	按揭利率	按揭利率	按揭利率
573	市場	市場	市場	市場	市場	▁308
574	住宅物業市場	住宅物業市場	住宅物業市場	住宅物業市場	住宅物業市場	住宅物業市場
575	土地 及 住宅	土地 及 住宅	土地 及 住宅	土地 及 住宅	土地 及 住宅	▁375
576	香港銀行業	香港銀行業	香港銀行業	香港銀行業	香港銀行業	▁185
577	資產質素	資產質素	資產質素	資產質素	資產質素	資產質素
578	認可機構	認可機構	認可機構	認可機構	認可機構	認可機構
579	資本和流動性狀況	資本及流動性	資本和流動性狀況	資本及流動性	資本和流動性狀況	▁41
580	信貸增幅	信貸增長	信貸增幅	信用成長	信貸增幅	信貸增長
581	息差	息差	息差	息差	息差	息差
582	流動性	流動性	流動性	流動性	流動性	流動性
583	流動性狀況	流動性	流動性狀況	流動性	流動性狀況	流動性狀況
584	能力	利潤	能力	利潤	能力	盈利
585	認可機構	認可機構	認可機構	認可機構	認可機構	認可機構
586	利率走勢	利率走勢	利率走勢	利率走勢	利率走勢	利率走勢
587	香港銀行同業拆息	香港銀行同業拆息	香港銀行同業拆息	HIBOR	香港銀行同業拆息	香港銀行同業拆息
588	香港銀行同業拆息	香港銀行同業拆息	香港銀行同業拆息	香港銀行同業拆息	香港銀行同業拆息	香港銀行同業拆息
589	綜合利率	綜合利率	綜合利率	綜合利率	綜合利率	綜合利率
590	零售銀行	零售銀行	零售銀行	零售銀行	零售銀行	零售銀行
591	盈利	利潤	盈利	利潤	盈利	盈利
592	衍生產品業務	衍生產品業務	衍生產品業務	衍生產品業務	衍生產品業務	▁84
593	手續費及佣金收入	手續費及佣金收入	手續費及佣金收入	手續費及佣金收入	手續費及佣金收入	▁117
594	淨利息收入	淨利息收入	淨利息收入	淨利息收入	淨利息收入	淨利息收入
595	營業開支	營業開支	營業開支	營業開支	營業開支	▁275
596	稅後溢利	稅後溢利	稅後溢利	稅後溢利	稅後溢利	▁294
597	平均資產稅後回報率	平均資產稅後回報率	平均資產稅後回報率	平均資產稅後回報率	平均資產稅後回報率	▁295
598	零售銀行	零售銀行	零售銀行	零售銀行	零售銀行	零售銀行
599	息差	息差	息差	息差	息差	息差
600	淨息差	淨息差	淨息差	淨息差	淨息差	淨息差
601	零售銀行	零售銀行	零售銀行	零售銀行	零售銀行	零售銀行
602	衍生產品業務	衍生產品業務	衍生產品業務	衍生產品業務	衍生產品業務	▁84
603	手續費及佣金收入	手續費及佣金收入	手續費及佣金收入	手續費及佣金收入	手續費及佣金收入	▁117
604	非利息收入	非利息收入	非利息收入	非利息收入	非利息收入	非利息收入
605	零售銀行	零售銀行	零售銀行	零售銀行	零售銀行	零售銀行
606	成本與收入比率	成本與收入比率	成本與收入比率	成本與收入比率	成本與收入比率	成本與收入比率
607	貸款減值虧損	貸款減值虧損	貸款減值虧損	貸款減值虧損	貸款減值虧損	▁236
608	零售銀行	零售銀行	零售銀行	零售銀行	零售銀行	零售銀行
609	資產質素	資產質素	資產質素	資產質素	資產質素	資產質素
610	逾期及重組貸款比率	逾期及重組貸款比率	逾期及重組貸款比率	逾期及重組貸款比率	逾期及重組貸款比率	▁282
611	零售銀行	零售銀行	零售銀行	零售銀行	零售銀行	零售銀行
612	拖欠比率	拖欠比率	拖欠比率	拖欠比率	拖欠比率	拖欠比率
613	負資產淨值	負資產淨值	負資產淨值	負資產淨值	負資產淨值	▁267
614	撇帳比率	撇帳比率	撇帳比率	撇帳比率	撇帳比率	▁49
615	信用卡貸款	信用卡貸款	信用卡貸款	信用卡貸款	信用卡貸款	信用卡貸款
616	拖欠比率	拖欠比率	拖欠比率	拖欠比率	拖欠比率	拖欠比率
617	資產負債表	資產負債表	資產負債表	資產負債表	資產負債表	資產負債表
618	資產負債表趨勢	資產負債表趨勢	資產負債表趨勢	資產負債表趨勢	資產負債表趨勢	▁18
619	貸存比率	貸存比率	貸存比率	貸存比率	貸存比率	貸存比率
620	總貸款	總貸款額	總貸款	總貸款	總貸款	▁384
621	地 相關	地 相關	地 相關	內地相關貸款	地 相關	內地相關貸款
622	可轉讓債務證券	可轉讓債務證券	可轉讓債務證券	可轉讓債務證券	可轉讓債務證券	可轉讓債務證券
623	貨幣 定性	貨幣 定性	貨幣 定性	貨幣 定性	貨幣 定性	▁258
624	匯 率 制度	率 制度	匯 率 制度	匯 率 制度	匯 率 制度	匯率制度
625	金融穩定	金融穩定	金融穩定	金融穩定	金融穩定	金融穩定
626	流動性	流動性	流動性	流動性	流動性	流動性
627	貨幣及金融穩定	貨幣及金融穩定	貨幣及金融穩定	貨幣及金融穩定	貨幣及金融穩定	貨幣及金融穩定
628	貨幣市場	貨幣市場	貨幣市場	貨幣市場	貨幣市場	貨幣市場
629	貨幣發行局	貨幣發行局	貨幣發行局	貨幣發行局	貨幣發行局	貨幣發行局
630	貨幣發行局	貨幣發行局	貨幣發行局	率	貨幣發行局	▁70
631	▔	外匯基金	▔	外匯基金	▔	外匯基金
632	貨幣基礎	貨幣基礎	貨幣基礎	貨幣基礎	貨幣基礎	貨幣基礎
633	貨幣政策	貨幣政策	貨幣政策	貨幣政策	貨幣政策	貨幣政策
634	▔	外匯基金	▔	外匯基金	▔	外匯基金
635	貨幣穩定	貨幣穩定	貨幣穩定	貨幣穩定	貨幣穩定	貨幣穩定
636	總結餘	總結餘	總結餘	總結餘	總結餘	總結餘
637	債務證明書	債務證明書	債務證明書	債務證明書	債務證明書	▁47
638	外匯基金票據及債券	外匯基金票據及債券	外匯基金票據及債券	外匯基金票據及債券	外匯基金票據及債券	外匯基金票據及債券
639	外匯基金	外匯基金	外匯基金	外匯基金	外匯基金	外匯基金
640	外匯基金票據	外匯基金票據	外匯基金票據	外匯基金票據	外匯基金票據	外匯基金票據
641	外匯基金票據及債券	外匯基金票據及債券	外匯基金票據及債券	外匯基金票據及債券	外匯基金票據及債券	外匯基金票據及債券
642	政府發行的流通紙幣和硬幣	政府發行的流通紙幣和硬幣	政府發行的流通紙幣和硬幣	政府發行的流通紙幣和硬幣	政府發行的流通紙幣和硬幣	▁164
643	金管局	金管局	金管局	金管局	金管局	金管局
644	貨幣基礎	貨幣基礎	貨幣基礎	貨幣基礎	貨幣基礎	貨幣基礎
645	紙幣	紙幣	紙幣	紙幣	紙幣	▁29
646	總結餘	總結餘	總結餘	總結餘	總結餘	總結餘
647	兌換保證	▁6	兌換保證	兌換保證	兌換保證	兌換保證
648	兌換保證	兌換保證	兌換保證	兌換保證	兌換保證	兌換保證
649	兌換保證	兌換保證	兌換保證	兌換保證	兌換保證	兌換保證
650	兌換區間	兌換區間	兌換區間	兌換區間	兌換區間	▁60
651	金管局	金管局	金管局	金管局	金管局	金管局
652	港元利率	港元利率	港元利率	港元利率	港元利率	▁187
653	強方兌換保證	強方兌換保證	強方兌換保證	強方兌換保證	強方兌換保證	▁371
654	弱方兌換保證	弱方兌換保證	弱方兌換保證	弱方兌換保證	弱方兌換保證	▁400
655	新股集資	新股集資	新股集資	新股集資	新股集資	▁223
656	套利	套利	套利	套利	套利	▁211
657	流動性	流動性	流動性	流動性	流動性	流動性
658	總結餘	總結餘	總結餘	總結餘	總結餘	總結餘
659	兌換保證	兌換保證	兌換保證	兌換保證	兌換保證	兌換保證
660	貨幣發行局	貨幣發行局	貨幣發行局	貨幣發行局	貨幣發行局	貨幣發行局
661	未到期外匯基金票據	外匯基金票據及債券	未到期外匯基金票據	外匯基金票據及債券	未到期外匯基金票據	外匯基金票據及債券
662	外匯基金	外匯基金	外匯基金	外匯基金	外匯基金	外匯基金
663	外匯基金票據	外匯基金票據	外匯基金票據	外匯基金票據	外匯基金票據	外匯基金票據
664	金管局	金管局	金管局	金管局	金管局	金管局
665	貨幣基礎	貨幣基礎	貨幣基礎	貨幣基礎	貨幣基礎	貨幣基礎
666	外匯儲備	外匯儲備	外匯儲備	外匯儲備	外匯儲備	外匯儲備
667	流動性	流動性	流動性	流動性	流動性	流動性
668	流動性管理	流動性管理	流動性管理	流動性管理	流動性管理	流動性管理
669	貨幣市場	貨幣市場	貨幣市場	貨幣市場	貨幣市場	貨幣市場
670	▔	資產負債表	▔	資產負債表	▔	資產負債表
671	基準利率	基準利率	基準利率	基本利率	基準利率	基本利率
672	新股集資	新股集資	新股集資	新股集資	新股集資	▁223
673	銀行同業拆息	銀行同業拆息	銀行同業拆息	銀行同業拆息	銀行同業拆息	銀行同業拆息
674	短期	短期	短期	短期	短期	▁356
675	基準利率	基準利率	基準利率	基本利率	基準利率	基本利率
676	香港銀行同業拆息	香港銀行同業拆息	香港銀行同業拆息	香港銀行同業拆息	香港銀行同業拆息	香港銀行同業拆息
677	聯邦 利率	聯邦 基金 利率	聯邦 利率	聯邦資金利率	聯邦 利率	▁398
678	聯邦資金利率	聯邦基金利率	聯邦資金利率	聯邦資金利率	聯邦資金利率	聯邦基金利率
679	美國聯邦資金利率目標區間	目標區間	美國聯邦資金利率目標區間	目標區間	美國聯邦資金利率目標區間	▁379
680	貼現窗	貼現窗	貼現窗	貼現窗	貼現窗	貼現窗
681	貼現 窗 借款	貼現 窗 借款	貼現 窗 借款	貼現 窗 借款	貼現 窗 借款	▁92
682	遠期點子	遠期點子	遠期點子	遠期點子	遠期點子	▁145
683	銀行同業流動性	銀行間流動性	銀行同業流動性	銀行同業流動性	銀行同業流動性	▁209
684	流動性	流動性	流動性	流動性	流動性	流動性
685	貨幣市場	貨幣市場	貨幣市場	貨幣市場	貨幣市場	貨幣市場
686	匯 率 制度	率 制度	匯 率 制度	匯 率 制度	匯 率 制度	匯率制度
687	第四條款	第四條款	第四條款	第四條款	第四條款	▁11
688	國際貨幣基金組織	國際貨幣基金組織	國際貨幣基金組織	國際貨幣基金組織	國際貨幣基金組織	國際貨幣基金組織
689	▔	▁20	▔	▁17	▔	▁229
690	匯 制度	率 制度	匯 制度	匯 率 制度	匯 制度	匯率制度
691	金融危機	金融危機	金融危機	金融危機	金融危機	金融危機
692	金融穩定	金融穩定	金融穩定	金融穩定	金融穩定	金融穩定
693	金融監管	金融監管	金融監管	金融監管	金融監管	▁133
694	全球金融危機	全球金融危機	全球金融危機	全球金融危機	全球金融危機	▁159
695	貨幣及金融穩定	貨幣及金融穩定	貨幣及金融穩定	貨幣及金融穩定	貨幣及金融穩定	貨幣及金融穩定
696	貨幣市場	貨幣市場	貨幣市場	貨幣市場	貨幣市場	貨幣市場
697	審慎的財政管理	審慎的財政管理	審慎的財政管理	審慎的財政管理	審慎的財政管理	審慎的財政管理
698	國際貨幣基金組織	國際貨幣基金組織	國際貨幣基金組織	國際貨幣基金組織	國際貨幣基金組織	國際貨幣基金組織
699	匯 率 制度	率 制度	匯 率 制度	匯 率 制度	匯 率 制度	匯率制度
700	銀行體系	銀行體系	銀行體系	銀行體系	銀行體系	銀行體系
701	兌換保證	▁6	兌換保證	兌換保證	兌換保證	兌換保證
702	金管局	金管局	金管局	金管局	金管局	金管局
703	港元利率	港元利率	港元利率	港元利率	港元利率	▁187
704	▔	▁20	▔	▁17	▔	▁229
705	貨幣基礎	貨幣基礎	貨幣基礎	貨幣基礎	貨幣基礎	貨幣基礎
706	貨幣政策	貨幣政策	貨幣政策	貨幣政策	貨幣政策	貨幣政策
707	穩健	穩健銀行業務	穩健	穩健銀行業務	穩健	▁361
708	利率風險	利率風險	利率風險	利率風險	利率風險	利率風險
709	流動性	流動性	流動性	流動性	流動性	流動性
710	內地相關貸款	地 相關	內地相關貸款	內地相關貸款	內地相關貸款	內地相關貸款
711	壓力測試	壓力測試	壓力測試	壓力測試	壓力測試	壓力測試
712	弱方兌換保證	弱方兌換保證	弱方兌換保證	弱方兌換保證	弱方兌換保證	▁400
713	支持資產	支持資產	支持資產	支持資產	支持資產	支持資產
714	支持組合	支持組合	支持組合	支持組合	支持組合	支持組合
715	支持比率	支持比率	支持比率	支持比率	支持比率	支持比率
716	貨幣發行局	貨幣發行局	貨幣發行局	貨幣發行局	貨幣發行局	貨幣發行局
717	貨幣發行局賬目	貨幣發行局賬目	貨幣發行局賬目	貨幣發行局賬目	貨幣發行局賬目	▁69
718	外匯基金	外匯基金	外匯基金	外匯基金	外匯基金	外匯基金
719	▔	▁20	▔	▁17	▔	▁229
720	貨幣基礎	貨幣基礎	貨幣基礎	貨幣基礎	貨幣基礎	貨幣基礎
721	外匯基金	外匯基金	外匯基金	外匯基金	外匯基金	外匯基金
722	金融穩定	金融穩定	金融穩定	金融穩定	金融穩定	金融穩定
723	貨幣及金融穩定	貨幣及金融穩定	貨幣及金融穩定	貨幣及金融穩定	貨幣及金融穩定	貨幣及金融穩定
724	▔	貨幣發行局	▔	貨幣發行局	▔	貨幣發行局
725	外匯基金	外匯基金	外匯基金	外匯基金	外匯基金	外匯基金
726	外匯基金諮詢委員會	外匯基金諮詢委員會	外匯基金諮詢委員會	外匯基金諮詢委員會	外匯基金諮詢委員會	外匯基金諮詢委員會
727	HIBOR	香港銀行同業拆息	HIBOR	HIBOR	HIBOR	香港銀行同業拆息
728	金管局	金管局	金管局	金管局	金管局	金管局
729	倫敦銀行同業拆息	倫敦銀行同業拆息	倫敦銀行同業拆息	倫敦銀行同業拆息	倫敦銀行同業拆息	倫敦銀行同業拆息
730	外匯基金	外匯基金	外匯基金	外匯基金	外匯基金	外匯基金
731	企業借貸	企業借貸	企業借貸	企業借貸	企業借貸	▁61
732	金融穩定	金融穩定	金融穩定	金融穩定	金融穩定	金融穩定
733	樓價	房價	樓價	房價	樓價	樓價
734	貨幣及金融穩定	貨幣及金融穩定	貨幣及金融穩定	貨幣及金融穩定	貨幣及金融穩定	貨幣及金融穩定
735	債務 負擔	債務 負擔	債務 負擔	債務 負擔	債務 負擔	▁260
736	學院	學院	學院	▁11	學院	▁178
737	香港金融管理局	金管局	香港金融管理局	金管局	香港金融管理局	金管局
738	香港金融學院	香港金融學院	香港金融學院	香港金融學院	香港金融學院	▁190
739	貨幣政策	貨幣政策	貨幣政策	貨幣政策	貨幣政策	貨幣政策
740	學人 計劃	學人 計劃	學人 計劃	學人 計劃	學人 計劃	▁118
741	政策機構	政策機構	政策機構	政策機構	政策機構	▁291
742	政策相關性	政策相關性	政策相關性	政策相關性	政策相關性	政策相關性
743	專題研究學人計劃	專題研究學人計劃	專題研究學人計劃	專題研究學人計劃	專題研究學人計劃	▁381
744	國際清算銀行	國際清算銀行	國際清算銀行	國際清算銀行	國際清算銀行	▁20
745	亞特蘭大聯邦儲備銀行	亞特蘭大聯邦儲備銀行	亞特蘭大聯邦儲備銀行	亞特蘭大聯邦儲備銀行	亞特蘭大聯邦儲備銀行	亞特蘭大聯邦儲備銀行
746	美國聯邦儲備局	美國聯邦儲備局	美國聯邦儲備局	美國聯邦儲備局	美國聯邦儲備局	美國聯邦儲備局
747	▔	學院	▔	▁11	▔	▁178
748	金管局	金管局	金管局	金管局	金管局	金管局
749	貨幣政策	貨幣政策	貨幣政策	貨幣政策	貨幣政策	貨幣政策
750	非常規貨幣政策	非常規貨幣政策	非常規貨幣政策	非常規貨幣政策	非常規貨幣政策	非常規貨幣政策
751	非常規貨幣政策	非常規貨幣政策	非常規貨幣政策	非常規貨幣政策	非常規貨幣政策	非常規貨幣政策
752	銀行借貸	銀行借貸	銀行借貸	銀行 放款	銀行借貸	銀行借貸
753	匯率制度	率 制度	匯率制度	匯 率 制度	匯率制度	匯率制度
754	金融穩定	金融穩定	金融穩定	金融穩定	金融穩定	金融穩定
755	外幣儲備	外幣儲備	外幣儲備	外幣儲備	外幣儲備	▁144
756	外匯市場	外匯市場	外匯市場	外匯市場	外匯市場	外匯市場
757	國際貿易	國際貿易	國際貿易	國際貿易	國際貿易	國際貿易
758	定價制度	定價制度	定價制度	定價制度	定價制度	定價制度
759	實體經濟	實體經濟	實體經濟	實體經濟	實體經濟	實體經濟
760	銀行穩定性	銀行業穩定	銀行穩定性	銀行業穩定性	銀行穩定性	▁25
761	治理 框架	框架	治理 框架	框架	治理 框架	▁163
762	金管局	金管局	金管局	金管局	金管局	金管局
763	流動性風險管理	流動性風險管理	流動性風險管理	流動性風險管理	流動性風險管理	流動性風險管理
764	智慧銀行新紀元	智慧 銀行 新	智慧銀行新紀元	智慧銀行新紀元	智慧銀行新紀元	智慧銀行新紀元
765	認可機構	認可機構	認可機構	認可機構	認可機構	認可機構
766	行為監管	行為監管	行為監管	監管	行為監管	▁56
767	企業文化	企業文化	企業文化	企業文化	企業文化	企業文化
768	客戶保障	客戶保障	客戶保障	客戶保障	客戶保障	客戶保障
769	客戶 中心 文化	客戶 中心 文化	客戶 中心 文化	客戶 中心 文化	客戶 中心 文化	▁71
770	網路威脅	網路威脅	網路威脅	網路威脅	網路威脅	▁75
771	金融犯罪	金融犯罪	金融犯罪	金融犯罪	金融犯罪	▁123
772	金融包容性	金融普惠	金融包容性	金融普惠	金融包容性	▁125
773	投資及保險產品	投資及保險產品	投資及保險產品	投資及保險產品	投資及保險產品	投資及保險產品
774	流動性	流動性	流動性	流動性	流動性	流動性
775	流動性風險	流動性風險	流動性風險	流動性風險	流動性風險	流動性風險
776	市場	市場	市場	市場	市場	▁308
777	▔	措施	▔	審慎措施	▔	▁313
778	風險治理框架	風險管理框架	風險治理框架	治理 架構	風險治理框架	▁343
779	▔	▁29	▔	▁24	▔	▁359
780	新創公司	新創公司	新創公司	新創公司	新創公司	▁364
781	技術風險管理	科技風險管理	技術風險管理	技術風險管理	技術風險管理	科技風險管理
782	資本 充足	資本 充足	資本 充足	資本 充足	資本 充足	▁39
783	財務 報導 準則	財務 報導 準則	財務 報導 準則	財務 報導 準則	財務 報導 準則	▁129
784	金管局	金管局	金管局	金管局	金管局	金管局
785	國際財務報導準則第9號	國際財務報導準則第9號	國際財務報導準則第9號	國際財務報導準則第9號	國際財務報導準則第9號	▁215
786	淨 穩定 比率	淨 穩定 比率	淨 穩定 比率	淨 穩定 比率	淨 穩定 比率	▁268
787	資本充足標準	資本充足標準	資本充足標準	資本充足標準	資本充足標準	資本充足標準
788	董事賦權計畫	董事賦權計畫	董事賦權計畫	董事賦權計畫	董事賦權計畫	▁89
789	披露 標準	披露 標準	披露 標準	披露 標準	披露 標準	▁91
790	國際監管及會計標準	國際監管及會計標準	國際監管及會計標準	國際監管及會計標準	國際監管及會計標準	國際監管及會計標準
791	大額風險曝露限額	大額風險曝露限額	大額風險曝露限額	大額風險曝露限額	大額風險曝露限額	▁226
792	復原計畫	復原計畫	復原計畫	復原計畫	復原計畫	▁324
793	能力 架構	資歷 框架	能力 架構	能力 架構	能力 架構	▁103
794	金融穩定委員會	金融穩定委員會	金融穩定委員會	金融穩定委員會	金融穩定委員會	▁132
795	貨幣管理局	金管局	貨幣管理局	金融管理局	貨幣管理局	▁256
796	決議機制	決議機制	決議機制	決議機制	決議機制	處置機制
797	金融機構	金融機構	金融機構	金融機構	金融機構	金融機構
798	金融穩定	金融穩定	金融穩定	金融穩定	金融穩定	金融穩定
799	防線	防線	防線	防線	防線	▁232
800	銀行體系	銀行體系	銀行體系	銀行體系	銀行體系	銀行體系
801	金管局	金管局	金管局	金管局	金管局	金管局
802	金融體系	金融體系	金融體系	金融體系	金融體系	金融體系
803	貨幣管理局	金管局	貨幣管理局	金融管理局	貨幣管理局	▁256
804	認可機構	認可機構	認可機構	認可機構	認可機構	認可機構
805	金融 市場 設施	金融 市場 設施	金融 市場 設施	金融 市場 設施	金融 市場 設施	▁127
806	金融穩定	金融穩定	金融穩定	金融穩定	金融穩定	金融穩定
807	持照銀行	持照銀行	持照銀行	持照銀行	持照銀行	▁230
808	審慎監管	審慎監管	審慎監管	審慎監管	審慎監管	審慎監管
809	有限制牌照銀行	有限制牌照銀行	有限制牌照銀行	有限制牌照銀行	有限制牌照銀行	有限制牌照銀行
810	認可機構	認可機構	認可機構	認可機構	認可機構	認可機構
811	▔	▁10	▔	▁9	▔	▁143
812	貨幣管理局	金管局	貨幣管理局	金融管理局	貨幣管理局	▁256
813	決議制度	決議機制	決議制度	決議機制	決議制度	處置機制
814	金融機構	金融機構	金融機構	金融機構	金融機構	金融機構
815	金融體系	金融體系	金融體系	金融體系	金融體系	金融體系
816	審慎監管框架	審慎監管框架	審慎監管框架	審慎監管框架	審慎監管框架	▁315
817	決議機構	主要處置機構	決議機構	主要處置機構	決議機構	▁337
818	認可機構	認可機構	認可機構	認可機構	認可機構	認可機構
819	董事	董事 會	董事	董事	董事	▁33
820	外部 單位	外部 單位	外部 單位	外部 單位	外部 單位	▁112
821	金管局	金管局	金管局	金管局	金管局	金管局
822	業務營運	業務營運	業務營運	業務營運	業務營運	▁37
823	認可機構	認可機構	認可機構	認可機構	認可機構	認可機構
824	CFT	CFT	CFT	CFT	CFT	▁7
825	金管局	金管局	金管局	金管局	金管局	金管局
826	信用風險	信用風險	信用風險	信用風險	信用風險	信用風險
827	流動性	流動性	流動性	流動性	流動性	流動性
828	市場風險	市場風險	市場風險	市場風險	市場風險	市場風險
829	市場風險管理	市場風險管理	市場風險管理	市場風險管理	市場風險管理	市場風險管理
830	現場檢查	現場檢查	現場檢查	現場檢查	現場檢查	▁273
831	營運風險	營運風險	營運風險	營運風險	營運風險	▁277
832	營運風險管理	營運風險管理	營運風險管理	營運風險管理	營運風險管理	▁278
833	海外檢查	海外檢查	海外檢查	海外檢查	海外檢查	▁283
834	專題審查	主題檢討	專題審查	專題審查	專題審查	▁382
835	強積金	強積金	強積金	強積金	強積金	▁245
836	強積金	強積金	強積金	強積金	強積金	▁263
837	認可機構	認可機構	認可機構	認可機構	認可機構	認可機構
838	信用風險	信用風險	信用風險	信用風險	信用風險	信用風險
839	資產品 質	資產質素	資產品 質	資產質素	資產品 質	資產質素
840	信用成長	信貸增長	信用成長	信用成長	信用成長	信貸增長
841	銀行 放款	銀行借貸	銀行 放款	銀行 放款	銀行 放款	銀行借貸
842	貸款成長	貸款增長	貸款成長	貸款增長	貸款成長	▁235
843	地 相關 放款	地 相關	地 相關 放款	內地相關貸款	地 相關 放款	內地相關貸款
844	資產品 質	資產質素	資產品 質	資產質素	資產品 質	資產質素
845	銀行業	銀行業	銀行業	銀行業	銀行業	銀行業
846	零售銀行	零售銀行	零售銀行	零售銀行	零售銀行	零售銀行
847	認可機構	認可機構	認可機構	認可機構	認可機構	認可機構
848	治理架構	框架	治理架構	框架	治理架構	▁163
849	金管局	金管局	金管局	金管局	金管局	金管局
850	資產擔保融資	資產擔保融資	資產擔保融資	資產擔保融資	資產擔保融資	▁13
851	信用風險	信用風險	信用風險	信用風險	信用風險	信用風險
852	保險費融資	保險費融資	保險費融資	保險費融資	保險費融資	▁208
853	貸款分類及撥備制度	貸款分類及撥備制度	貸款分類及撥備制度	貸款分類及撥備制度	貸款分類及撥備制度	貸款分類及撥備制度
854	貸款承作標準	貸款承作標準	貸款承作標準	貸款承作標準	貸款承作標準	▁237
855	治理 架構	風險管理框架	治理 架構	治理 架構	治理 架構	▁343
856	認可機構	認可機構	認可機構	認可機構	認可機構	認可機構
857	金管局	金管局	金管局	金管局	金管局	金管局
858	逆周期宏觀審慎措施	逆周期宏觀審慎措施	逆周期宏觀審慎措施	逆周期宏觀審慎措施	逆周期宏觀審慎措施	▁65
859	債務償還比率	還款比率	債務償還比率	債務償還比率	債務償還比率	▁79
860	按揭 貸款	按揭 貸款	按揭 貸款	按揭 貸款	按揭 貸款	▁309
861	認可機構	認可機構	認可機構	認可機構	認可機構	認可機構
862	債務償還比率	債務償還比率	債務償還比率	債務償還比率	債務償還比率	▁97
863	金管局	金管局	金管局	金管局	金管局	金管局
864	逆周期措施	反周期措施	逆周期措施	反周期措施	逆周期措施	逆周期措施
865	市場	市場	市場	市場	市場	▁308
866	按揭 貸款	按揭 貸款	按揭 貸款	按揭 貸款	按揭 貸款	▁309
867	宏觀審慎措施	措施	宏觀審慎措施	審慎措施	宏觀審慎措施	▁313
868	債務償還比率	債務償還比率	債務償還比率	債務償還比率	債務償還比率	▁97
869	金管局	金管局	金管局	金管局	金管局	金管局
870	認可機構	認可機構	認可機構	認可機構	認可機構	認可機構
871	金管局	金管局	金管局	金管局	金管局	金管局
872	土地註冊處	土地註冊處	土地註冊處	土地註冊處	土地註冊處	土地註冊處
873	抵押銀行	抵押銀行	抵押銀行	抵押銀行	抵押銀行	▁261
874	安全 強化 計畫	安全 強化 計畫	安全 強化 計畫	安全 強化 計畫	安全 強化 計畫	▁76
875	金管局	金管局	金管局	金管局	金管局	金管局
876	▔	證監會	▔	證監會	▔	證監會
877	證券及期貨事務監察委員會	證券及期貨事務監察委員會	證券及期貨事務監察委員會	證券及期貨事務監察委員會	證券及期貨事務監察委員會	證券及期貨事務監察委員會
878	網路防禦	網路防禦	網路防禦	網路防禦	網路防禦	▁72
879	網路韌性	網路韌性	網路韌性	網路韌性	網路韌性	▁73
880	網路安全	網絡安全	網路安全	網絡安全	網路安全	網絡安全
881	現場檢查	現場檢查	現場檢查	現場檢查	現場檢查	▁273
882	高層管理人員	高層管理人員	高層管理人員	高層管理人員	高層管理人員	▁351
883	策略風險	策略風險	策略風險	策略風險	策略風險	策略風險
884	因素 認證	因素 認證	因素 認證	因素 認證	因素 認證	▁395
885	CFI	CFI	CFI	CFI	CFI	▁48
886	認可機構	認可機構	認可機構	認可機構	認可機構	認可機構
887	金融科技	金融科技	金融科技	金融科技	金融科技	金融科技
888	金融科技監管沙盒	科技 監管 沙盒	金融科技監管沙盒	科技 監管 沙盒	金融科技監管沙盒	金融科技監管沙盒
889	金管局	金管局	金管局	金管局	金管局	金管局
890	保險業監理局	保險業監管局	保險業監理局	保險業監管局	保險業監理局	保險業監管局
891	智慧銀行新紀元	智慧 銀行 新	智慧銀行新紀元	智慧銀行新紀元	智慧銀行新紀元	智慧銀行新紀元
892	證監會	證監會	證監會	證監會	證監會	證監會
893	保險業監理局	保險業監理局	保險業監理局	保險業監理局	保險業監理局	▁195
894	金融科技	金融科技	金融科技	金融科技	金融科技	金融科技
895	金管局	金管局	金管局	金管局	金管局	金管局
896	線 財富 管理	線 財富 管理	線 財富 管理	網上財富管理	線 財富 管理	網上財富管理
897	帳戶維護	帳戶維護	帳戶維護	帳戶維護	帳戶維護	▁4
898	數位銀行服務	數位銀行服務	數位銀行服務	數位銀行服務	數位銀行服務	▁86
899	監管摩擦	監管摩擦	監管摩擦	監管摩擦	監管摩擦	▁329
900	遠端開戶	遠端開戶	遠端開戶	遠端開戶	遠端開戶	▁331
901	虛擬銀行授權指引	虛擬銀行授權指引	虛擬銀行授權指引	虛擬銀行授權指引	虛擬銀行授權指引	▁172
902	虛擬銀行	虛擬銀行	虛擬銀行	虛擬銀行	虛擬銀行	虛擬銀行
903	流動性	流動性	流動性	流動性	流動性	流動性
904	流動性風險	流動性風險	流動性風險	流動性風險	流動性風險	流動性風險
905	金管局	金管局	金管局	金管局	金管局	金管局
906	流動性風險管理	流動性風險管理	流動性風險管理	流動性風險管理	流動性風險管理	流動性風險管理
907	貨幣政策	貨幣政策	貨幣政策	貨幣政策	貨幣政策	貨幣政策
908	銀行擠兌	銀行擠兌	銀行擠兌	銀行擠兌	銀行擠兌	▁22
909	資金流動	資金流向	資金流動	資金流向	資金流動	資金流向
910	流動性	流動性	流動性	流動性	流動性	流動性
911	流動性狀況	流動性狀況	流動性狀況	流動性狀況	流動性狀況	流動性狀況
912	流動性風險	流動性風險	流動性風險	流動性風險	流動性風險	流動性風險
913	流動性壓力測試	流動性壓力測試	流動性壓力測試	流動性壓力測試	流動性壓力測試	流動性壓力測試
914	認可機構	認可機構	認可機構	認可機構	認可機構	認可機構
915	金管局	金管局	金管局	金管局	金管局	金管局
916	債務證券	債務證券	債務證券	債務證券	債務證券	▁78
917	外幣債券	外幣債券	外幣債券	外幣債券	外幣債券	外幣債券
918	市場風險	市場風險	市場風險	市場風險	市場風險	市場風險
919	市場風險管理	市場風險管理	市場風險管理	市場風險管理	市場風險管理	市場風險管理
920	現場檢查	現場檢查	現場檢查	現場檢查	現場檢查	▁273
921	專題審查	主題檢討	專題審查	專題審查	專題審查	▁382
922	認可機構	認可機構	認可機構	認可機構	認可機構	認可機構
923	防止 洗錢 及 恐怖 主義融資	防止 洗錢 及 恐怖 主義融資	防止 洗錢 及 恐怖 主義融資	防止 洗錢 及 恐怖 主義融資	防止 洗錢 及 恐怖 主義融資	▁298
924	反洗錢及反恐融資	CFT	反洗錢及反恐融資	CFT	反洗錢及反恐融資	▁7
925	金融機構	金融機構	金融機構	金融機構	金融機構	金融機構
926	以風險為本	以風險為本	以風險為本	以風險為本	以風險為本	▁341
927	法定指引	法定指引	法定指引	法定指引	法定指引	法定指引
928	金融行動特別工作組	金融行動特別工作組	金融行動特別工作組	金融行動特別工作組	金融行動特別工作組	▁120
929	FATF	FATF	FATF	FATF	FATF	▁116
930	客戶盡職審查	客戶盡職審查	客戶盡職審查	客戶盡職審查	客戶盡職審查	客戶盡職審查
931	客戶盡職審查	客戶盡職審查	客戶盡職審查	客戶盡職審查	客戶盡職審查	客戶盡職審查
932	金融中心	▁19	金融中心	國際金融中心	金融中心	國際金融中心
933	債券通	債券通	債券通	債券通	債券通	債券通
934	金融科技	金融科技	金融科技	金融科技	金融科技	金融科技
935	金管局	金管局	金管局	金管局	金管局	金管局
936	國際金融中心	▁19	國際金融中心	國際金融中心	國際金融中心	國際金融中心
937	企業財資中心	企業財資中心	企業財資中心	企業財資中心	企業財資中心	企業財資中心
938	網絡和能力建設	網絡及能力建設	網絡和能力建設	網絡及能力建設	網絡和能力建設	▁269
939	七項 新 措施	七項新措施	七項 新 措施	七項 新 措施	七項 新 措施	▁352
940	企業財資中心	財資中心	企業財資中心	財資中心	企業財資中心	企業財資中心
941	快速支付系統	加快支付系統	快速支付系統	快速支付系統	快速支付系統	快速支付系統
942	金融科技	金融科技	金融科技	金融科技	金融科技	金融科技
943	科技	科技 監管 沙盒	科技	科技 監管 沙盒	科技	金融科技監管沙盒
944	金管局	金管局	金管局	金管局	金管局	金管局
945	智慧銀行新紀元	智慧 銀行 新	智慧銀行新紀元	智慧銀行新紀元	智慧銀行新紀元	智慧銀行新紀元
946	▔	開放 API	▔	開放 API	▔	▁274
947	虛擬銀行	虛擬銀行	虛擬銀行	虛擬銀行	虛擬銀行	虛擬銀行
948	跨境合作	跨境合作	跨境合作	跨境合作	跨境合作	跨境合作
949	金融科技研究及人才培育	金融科技研究及人才培育	金融科技研究及人才培育	金融科技研究及人才培育	金融科技研究及人才培育	▁138
950	監管摩擦	監管摩擦	監管摩擦	監管摩擦	監管摩擦	▁329
951	快速支付系統	快速支付系統	快速支付系統	快速支付系統	快速支付系統	快速支付系統
952	▔	▁11	▔	▁10	▔	▁150
953	金融科技	金融科技	金融科技	金融科技	金融科技	金融科技
954	金融科技促進辦公室	金融科技促進辦公室	金融科技促進辦公室	金融科技促進辦公室	金融科技促進辦公室	金融科技促進辦公室
955	金管局	金管局	金管局	金管局	金管局	金管局
956	金融科技樞紐	金融科技樞紐	金融科技樞紐	金融科技樞紐	金融科技樞紐	▁137
957	金融科技促進辦公室	金融科技促進辦公室	金融科技促進辦公室	金融科技促進辦公室	金融科技促進辦公室	▁180
958	金融科技促進辦公室	金融科技促進辦公室	金融科技促進辦公室	金融科技促進辦公室	金融科技促進辦公室	▁119
959	債務融資及投資者圓桌會議	債務融資和投資者圓桌會議	債務融資及投資者圓桌會議	債務融資及投資者圓桌會議	債務融資及投資者圓桌會議	▁77
960	金管局	金管局	金管局	金管局	金管局	金管局
961	IFFO	IFFO	IFFO	IFFO	IFFO	IFFO
962	基建融資促進辦公室	基建融資促進辦公室	基建融資促進辦公室	基建融資促進辦公室	基建融資促進辦公室	基建融資促進辦公室
963	成立時	成立	成立時	成立	成立時	▁199
964	基建股本投資參考條款表	基建股本投資參考條款表	基建股本投資參考條款表	基建股本投資參考條款表	基建股本投資參考條款表	▁205
965	基建融資	基建融資	基建融資	基建融資	基建融資	▁206
966	基建項目	基建項目	基建項目	基建項目	基建項目	基建項目
967	基建融資促進辦公室	基建融資促進辦公室	基建融資促進辦公室	基建融資促進辦公室	基建融資促進辦公室	▁181
968	債券通	債券通	債券通	債券通	債券通	債券通
969	互聯互通	互聯互通	互聯互通	互聯互通	互聯互通	互聯互通
970	▔	流動性	▔	流動性	▔	流動性
971	離岸人民幣資金池	離岸人民幣資金池	離岸人民幣資金池	離岸人民幣資金池	離岸人民幣資金池	離岸人民幣資金池
972	人民幣合格境外機構投資者（RQFII）	人民幣合格境外機構投資者	人民幣合格境外機構投資者（RQFII）	人民幣合格境外機構投資者	人民幣合格境外機構投資者（RQFII）	▁333
973	RQFII	RQFII	RQFII	RQFII	RQFII	▁346
974	金管局	金管局	金管局	金管局	金管局	金管局
975	財資中心	企業財資中心	財資中心	企業財資中心	財資中心	企業財資中心
976	財資中心稅務制度	財資中心稅務制度	財資中心稅務制度	財資中心稅務制度	財資中心稅務制度	▁380
977	財資中心	財資中心	財資中心	財資中心	財資中心	企業財資中心
978	財資中心	財資中心	財資中心	財資中心	財資中心	▁68
979	金管局總裁	金管局總裁	金管局總裁	金管局總裁	金管局總裁	金管局總裁
980	金融穩定委員會	金融穩定委員會	金融穩定委員會	金融穩定委員會	金融穩定委員會	▁132
981	金管局	金管局	金管局	金管局	金管局	金管局
982	監管合作常設委員會	監管合作常設委員會	監管合作常設委員會	監管合作常設委員會	監管合作常設委員會	監管合作常設委員會
983	金融穩定	金融穩定	金融穩定	金融穩定	金融穩定	金融穩定
984	金融穩定委員會	金融穩定委員會	金融穩定委員會	金融穩定委員會	金融穩定委員會	▁149
985	監管合作常設委員會	監管合作常設委員會	監管合作常設委員會	監管合作常設委員會	監管合作常設委員會	監管合作常設委員會
986	債券通	債券通	債券通	債券通	債券通	債券通
987	債券通交易	債券通交易	債券通交易	債券通交易	債券通交易	債券通交易
988	中央 單位	中央 單位	中央 單位	中央 單位	中央 單位	▁45
989	國際金融中心	▁19	國際金融中心	國際金融中心	國際金融中心	國際金融中心
990	北向	北向通	北向	北向	北向	北向通
991	北向通交易	債券通北向通	北向通交易	債券通北向通	北向通交易	▁271
992	中央 機構	中央 機構	中央 機構	中央 機構	中央 機構	▁46
993	金融基建	金融基建	金融基建	金融基建	金融基建	金融基建
994	銀行同業間RTGS系統	銀行同業間RTGS系統	銀行同業間RTGS系統	銀行同業間RTGS系統	銀行同業間RTGS系統	▁210
995	離岸人民幣業務	離岸人民幣業務	離岸人民幣業務	離岸人民幣業務	離岸人民幣業務	離岸人民幣業務
996	中央貨幣市場單位	中央貨幣市場單位	中央貨幣市場單位	中央貨幣市場單位	中央貨幣市場單位	▁51
997	▔	▁5	▔	▁4	▔	▁67
998	電子帳單發送及支付	電子單據呈交及付款	電子帳單發送及支付	電子單據呈交及付款	電子帳單發送及支付	▁101
999	金管局	金管局	金管局	金管局	金管局	金管局
1000	零售支付行業	零售支付行業	零售支付行業	零售支付行業	零售支付行業	▁339
1001	監管	行為監管	監管	監管	監管	▁56
1002	跨境支付	跨境支付	跨境支付	跨境支付	跨境支付	▁66
1003	零售支付系統	零售支付系統	零售支付系統	零售支付系統	零售支付系統	零售支付系統
1004	儲值設施	儲值設施	儲值設施	儲值支付工具	儲值設施	儲值支付工具
1005	EBPP	EBPP	EBPP	EBPP	EBPP	▁100
1006	支付系統及儲值設施條例	支付系統及儲值設施條例	支付系統及儲值設施條例	支付系統及儲值設施條例	支付系統及儲值設施條例	▁284
1007	支付系統及儲值設施條例	支付系統及儲值設施條例	支付系統及儲值設施條例	支付系統及儲值設施條例	支付系統及儲值設施條例	▁316
1008	零售支付系統	零售支付系統	零售支付系統	零售支付系統	零售支付系統	零售支付系統
1009	儲值設施	儲值設施	儲值設施	儲值	儲值設施	儲值支付工具
1010	金融科技	金融科技	金融科技	金融科技	金融科技	金融科技
1011	金融科技樞紐	金融科技樞紐	金融科技樞紐	金融科技樞紐	金融科技樞紐	▁137
1012	金管局	金管局	金管局	金管局	金管局	金管局
1013	智慧銀行新紀元	智慧 銀行 新	智慧銀行新紀元	智慧銀行新紀元	智慧銀行新紀元	智慧銀行新紀元
1014	銀行與科技融合	銀行與科技融合	銀行與科技融合	銀行與科技融合	銀行與科技融合	▁58
1015	金融科技	金融科技	金融科技	金融科技	金融科技	金融科技
1016	金管局	金管局	金管局	金管局	金管局	金管局
1017	銀行業	銀行業	銀行業	銀行業	銀行業	銀行業
1018	快速支付系統	加快支付系統	快速支付系統	快速支付系統	快速支付系統	快速支付系統
1019	快速支付系統	快速支付系統	快速支付系統	快速支付系統	快速支付系統	快速支付系統
1020	金管局	金管局	金管局	金管局	金管局	金管局
1021	儲值	儲值設施	儲值	儲值	儲值	儲值支付工具
1022	金管局	金管局	金管局	金管局	金管局	金管局
1023	開放 程式	開放 API	開放 程式	開放 API	開放 程式	▁274
1024	▔	DLT	▔	DLT	▔	DLT
1025	DLT白皮書	DLT白皮書	DLT白皮書	DLT白皮書	DLT白皮書	DLT白皮書
1026	概念驗證	概念驗證	概念驗證	概念驗證	概念驗證	概念驗證
1027	數位身份管理	數位身份管理	數位身份管理	數位身份管理	數位身份管理	▁87
1028	按揭申請	按揭申請	按揭申請	按揭申請	按揭申請	按揭申請
1029	貿易融資	貿易融資	貿易融資	貿易融資	貿易融資	貿易融資
1030	白皮書	白皮書	白皮書	白皮書	白皮書	白皮書
1031	分布式帳簿技術	分布式帳簿技術	分布式帳簿技術	分布式帳簿技術	分布式帳簿技術	▁94
1032	DLT	DLT	DLT	DLT	DLT	DLT
1033	金融科技	金融科技	金融科技	金融科技	金融科技	金融科技
1034	金管局	金管局	金管局	金管局	金管局	金管局
1035	金融科技日	金融科技日	金融科技日	金融科技日	金融科技日	▁179
1036	陳德霖	陳德霖	陳德霖	陳德霖	陳德霖	陳德霖
1037	白皮書	白皮書	白皮書	白皮書	白皮書	白皮書
1038	金管局	金管局	金管局	金管局	金管局	金管局
1039	概念驗證	概念驗證	概念驗證	概念驗證	概念驗證	概念驗證
1040	貿易融資	貿易融資	貿易融資	貿易融資	貿易融資	貿易融資
1041	香港貿易融資平台	香港貿易融資平台	香港貿易融資平台	香港貿易融資平台	香港貿易融資平台	香港貿易融資平台
1042	香港貿易融資平台	香港貿易融資平台	香港貿易融資平台	香港貿易融資平台	香港貿易融資平台	香港貿易融資平台
1043	金融科技	金融科技	金融科技	金融科技	金融科技	金融科技
1044	金融科技人才培育計畫	金融科技人才加速計劃	金融科技人才培育計畫	金融科技人才加速計劃	金融科技人才培育計畫	▁135
1045	金管局	金管局	金管局	金管局	金管局	金管局
1046	香港應用科技研究院	香港應用科技研究院	香港應用科技研究院	香港應用科技研究院	香港應用科技研究院	香港應用科技研究院
1047	跨境合作	跨境合作	跨境合作	跨境合作	跨境合作	跨境合作
1048	大灣區	大灣區	大灣區	大灣區	大灣區	▁30
1049	金融科技	金融科技	金融科技	金融科技	金融科技	金融科技
1050	粵港澳大灣區	粵港澳大灣區	粵港澳大灣區	粵港澳大灣區	粵港澳大灣區	粵港澳大灣區
1051	金管局	金管局	金管局	金管局	金管局	金管局
1052	▔	▁24	▔	OFDS	▔	▁272
1053	深圳市人民政府金融發展服務辦公室	深圳市人民政府金融發展服務辦公室	深圳市人民政府金融發展服務辦公室	深圳市人民政府金融發展服務辦公室	深圳市人民政府金融發展服務辦公室	深圳市人民政府金融發展服務辦公室
1054	深港金融科技獎	深港金融科技獎	深港金融科技獎	深港金融科技獎	深港金融科技獎	▁354
1055	軟著陸支援	互惠軟著陸支持	軟著陸支援	互惠軟著陸支持	軟著陸支援	▁323
1056	科技金融	科技金融	科技金融	科技金融	科技金融	科技金融
1057	數碼港	數碼港	數碼港	數碼港	數碼港	數碼港
1058	金融科技	金融科技	金融科技	金融科技	金融科技	金融科技
1059	金管局	金管局	金管局	金管局	金管局	金管局
1060	金融科技日	金融科技日	金融科技日	金融科技日	金融科技日	▁179
1061	陳德霖	陳德霖	陳德霖	陳德霖	陳德霖	陳德霖
1062	OFDS	▁24	OFDS	OFDS	OFDS	▁272
1063	金融科技	金融科技	金融科技	金融科技	金融科技	金融科技
1064	深港金融科技獎	深港金融科技獎	深港金融科技獎	深港金融科技獎	深港金融科技獎	▁354
1065	杜拜金融服務管理局	迪拜金融服務管理局	杜拜金融服務管理局	杜拜金融服務管理局	杜拜金融服務管理局	迪拜金融服務管理局
1066	金融科技	金融科技	金融科技	金融科技	金融科技	金融科技
1067	金管局	金管局	金管局	金管局	金管局	金管局
1068	▔	金融管理局	▔	MAS	▔	▁246
1069	金融管理局	金管局	金融管理局	金融管理局	金融管理局	▁256
1070	新加坡金融管理局	新加坡金融管理局	新加坡金融管理局	新加坡金融管理局	新加坡金融管理局	新加坡金融管理局
1071	DLT	DLT	DLT	DLT	DLT	DLT
1072	全球貿易連接網絡	貿易 繫 路	全球貿易連接網絡	全球貿易連接網絡	全球貿易連接網絡	全球貿易連接網絡
1073	金管局	金管局	金管局	金管局	金管局	金管局
1074	管理局	金融管理局	管理局	MAS	管理局	▁246
1075	諒解備忘錄	諒解備忘錄	諒解備忘錄	諒解備忘錄	諒解備忘錄	諒解備忘錄
1076	新加坡 的 國家 貿易 平台	新加坡 的 國家 貿易 平台	新加坡 的 國家 貿易 平台	新加坡 的 國家 貿易 平台	新加坡 的 國家 貿易 平台	▁358
1077	貿易融資	貿易融資	貿易融資	貿易融資	貿易融資	貿易融資
1078	GTCN	GTCN	GTCN	GTCN	GTCN	▁169
1079	香港貿易融資平台	香港貿易融資平台	香港貿易融資平台	香港貿易融資平台	香港貿易融資平台	香港貿易融資平台
1080	金融科技	金融科技	金融科技	金融科技	金融科技	金融科技
1081	科技 監管 沙盒	科技 監管 沙盒	科技 監管 沙盒	科技 監管 沙盒	科技 監管 沙盒	金融科技監管沙盒
1082	2.0	2.0	2.0	2.0	2.0	▁151
1083	金融科技	金融科技	金融科技	金融科技	金融科技	金融科技
1084	金融科技監管聊天室	金融科技監管聊天室	金融科技監管聊天室	金融科技監管聊天室	金融科技監管聊天室	金融科技監管聊天室
1085	金管局	金管局	金管局	金管局	金管局	金管局
1086	保險業監管局	保險業監管局	保險業監管局	保險業監管局	保險業監管局	保險業監管局
1087	證監會	證監會	證監會	證監會	證監會	證監會
1088	證券及期貨事務監察委員會	證券及期貨事務監察委員會	證券及期貨事務監察委員會	證券及期貨事務監察委員會	證券及期貨事務監察委員會	證券及期貨事務監察委員會
1089	試驗	試驗	試驗	試驗	試驗	▁289
1090	▔	▁11	▔	▁10	▔	▁150
1091	試驗	試驗	試驗	試驗	試驗	▁289
1092	沙盒	▁11	沙盒	▁10	沙盒	▁150
1093	網上財富管理	線 財富 管理	網上財富管理	網上財富管理	網上財富管理	網上財富管理
1094	帳戶維護	帳戶維護	帳戶維護	帳戶維護	帳戶維護	▁4
1095	監管摩擦	監管摩擦	監管摩擦	監管摩擦	監管摩擦	▁329
1096	遠距開戶	遠端開戶	遠距開戶	遠端開戶	遠距開戶	▁331
1097	虛擬銀行	虛擬銀行	虛擬銀行	虛擬銀行	虛擬銀行	虛擬銀行
1098	金融科技	金融科技	金融科技	金融科技	金融科技	金融科技
1099	虛擬銀行發牌指引	虛擬銀行授權指引	虛擬銀行發牌指引	虛擬銀行授權指引	虛擬銀行發牌指引	▁172
1100	金管局	金管局	金管局	金管局	金管局	金管局
1101	中小企業	中小企業	中小企業	中小企業	中小企業	▁360
1102	虛擬銀行	虛擬銀行	虛擬銀行	虛擬銀行	虛擬銀行	虛擬銀行
1103	金融普惠	金融普惠	金融普惠	金融普惠	金融普惠	▁125
1104	中小企業	▁29	中小企業	▁24	中小企業	▁359
1105	智慧銀行新紀元	智慧 銀行 新	智慧銀行新紀元	智慧銀行新紀元	智慧銀行新紀元	智慧銀行新紀元
1106	金融科技	金融科技	金融科技	金融科技	金融科技	金融科技
1107	金管局	金管局	金管局	金管局	金管局	金管局
1108	智慧銀行新紀元	智慧 銀行 新	智慧銀行新紀元	智慧銀行新紀元	智慧銀行新紀元	智慧銀行新紀元
1109	銀行監理專責總監	獨立非執行董事	銀行監理專責總監	執行董事	銀行監理專責總監	▁110
1110	銀行監理	銀行監理	銀行監理	銀行監理	銀行監理	▁26
1111	儲備管理	儲備管理	儲備管理	儲備管理	儲備管理	儲備管理
1112	▔	▁0	▔	▁0	▔	▁0
1113	資產負債表	資產負債表	資產負債表	資產負債表	資產負債表	資產負債表
1114	外匯基金	外匯基金	外匯基金	外匯基金	外匯基金	外匯基金
1115	全球股市	全球股市	全球股市	全球股市	全球股市	▁158
1116	貨幣政策	貨幣政策	貨幣政策	貨幣政策	貨幣政策	貨幣政策
1117	外匯基金	外匯基金	外匯基金	外匯基金	外匯基金	外匯基金
1118	▔	▁30	▔	▁25	▔	▁399
1119	企業獲利	企業盈利	企業獲利	企業獲利	企業獲利	企業盈利
1120	新興 市場	市場 經濟體	新興 市場	市場 經濟體	新興 市場	▁102
1121	新興市場	新興市場	新興市場	新興市場	新興市場	新興市場
1122	投資 報酬	投資回報	投資 報酬	投資報酬	投資 報酬	投資回報率
1123	主要 發經濟體 新興 市場	主要 發經濟體 新興 市場	主要 發經濟體 新興 市場	主要 發經濟體 新興	主要 發經濟體 新興 市場	▁242
1124	同步增長	同步增長	同步增長	同步增長	同步增長	▁376
1125	外匯基金	外匯基金	外匯基金	外匯基金	外匯基金	外匯基金
1126	外匯基金	外匯基金	外匯基金	外匯基金	外匯基金	外匯基金
1127	外匯基金諮詢委員會	外匯基金諮詢委員會	外匯基金諮詢委員會	外匯基金諮詢委員會	外匯基金諮詢委員會	外匯基金諮詢委員會
1128	外匯基金	外匯基金	外匯基金	外匯基金	外匯基金	外匯基金
1129	外匯基金諮詢委員會	外匯基金諮詢委員會	外匯基金諮詢委員會	外匯基金諮詢委員會	外匯基金諮詢委員會	外匯基金諮詢委員會
1130	財政司司長	財政司司長	財政司司長	財政司司長	財政司司長	財政司司長
1131	國際金融中心	▁19	國際金融中心	國際金融中心	國際金融中心	國際金融中心
1132	外匯基金	外匯基金	外匯基金	外匯基金	外匯基金	外匯基金
1133	▔	金融體系	▔	金融體系	▔	金融體系
1134	▔	▁22	▔	▁19	▔	▁255
1135	外匯基金條例	外匯基金條例	外匯基金條例	外匯基金條例	外匯基金條例	▁109
1136	外匯基金	外匯基金	外匯基金	外匯基金	外匯基金	外匯基金
1137	外匯基金的管理	▁21	外匯基金的管理	▁18	外匯基金的管理	外匯基金的管理
1138	外匯基金	外匯基金	外匯基金	外匯基金	外匯基金	外匯基金
1139	投資目標	投資目標	投資目標	投資目標	投資目標	投資目標
1140	投資 結構	投資 結構	投資 結構	投資 結構	投資 結構	▁293
1141	外咨會	外匯基金諮詢委員會	外咨會	外匯基金諮詢委員會	外咨會	外匯基金諮詢委員會
1142	外匯基金	外匯基金	外匯基金	外匯基金	外匯基金	外匯基金
1143	投資目標	投資目標	投資目標	投資目標	投資目標	投資目標
1144	貨幣基礎	貨幣基礎	貨幣基礎	貨幣基礎	貨幣基礎	貨幣基礎
1145	外匯基金	外匯基金	外匯基金	外匯基金	外匯基金	外匯基金
1146	美元 資產	美元 資產	美元 資產	美元 資產	美元 資產	▁397
1147	金融穩定	金融穩定	金融穩定	金融穩定	金融穩定	金融穩定
1148	投資回報	投資回報	投資回報	投資報酬	投資回報	投資回報率
1149	資金	流動性	資金	流動性	資金	流動性
1150	貨幣及金融穩定	貨幣及金融穩定	貨幣及金融穩定	貨幣及金融穩定	貨幣及金融穩定	貨幣及金融穩定
1151	外匯基金	外匯基金	外匯基金	外匯基金	外匯基金	外匯基金
1152	外匯基金	外匯基金	外匯基金	外匯基金	外匯基金	外匯基金
1153	資產配置	資產配置	資產配置	資產配置	資產配置	▁14
1154	投資 結構	投資 結構	投資 結構	投資 結構	投資 結構	▁293
1155	▔	▁4	▔	BP	▔	▁35
1156	支持 組合	支持組合	支持 組合	支持組合	支持 組合	支持組合
1157	率	貨幣發行局	率	貨幣發行局	率	貨幣發行局
1158	率	貨幣發行局	率	率	率	▁70
1159	外匯基金	外匯基金	外匯基金	外匯基金	外匯基金	外匯基金
1160	投資組合	投資組合	投資組合	IP	投資組合	投資組合
1161	投資組合	投資組合	投資組合	投資組合	投資組合	投資組合
1162	貨幣基礎	貨幣基礎	貨幣基礎	貨幣基礎	貨幣基礎	貨幣基礎
1163	經濟合作暨發展組織	經濟合作暨發展組織	經濟合作暨發展組織	經濟合作暨發展組織	經濟合作暨發展組織	經濟合作與發展組織
1164	外匯基金	外匯基金	外匯基金	外匯基金	外匯基金	外匯基金
1165	新興市場	新興市場	新興市場	新興市場	新興市場	新興市場
1166	外匯基金	外匯基金	外匯基金	外匯基金	外匯基金	外匯基金
1167	未來基金	未來基金	未來基金	未來基金	未來基金	未來基金
1168	金管局	金管局	金管局	金管局	金管局	金管局
1169	IP	投資組合	IP	IP	IP	投資組合
1170	LTGP	長期增長組合	LTGP	LTGP	LTGP	長期增長組合
1171	長期增長組合	長期增長組合	長期增長組合	長期增長組合	長期增長組合	長期增長組合
1172	內地債券和股票	內地債券和股票	內地債券和股票	內地債券和股票	內地債券和股票	▁240
1173	外匯基金	外匯基金	外匯基金	外匯基金	外匯基金	外匯基金
1174	累計盈餘	累計盈餘	累計盈餘	累計盈餘	累計盈餘	累計盈餘
1175	資產類別	資產類別	資產類別	資產類別	資產類別	資產類別
1176	新興市場	新興市場	新興市場	新興市場	新興市場	新興市場
1177	LTGP 下 的 投資	長期增長組合下的投資	LTGP 下 的 投資	LTGP 下 的 投資	LTGP 下 的 投資	▁222
1178	期 增長	長期增長	期 增長	期 增長	期 增長	▁238
1179	市值	市值	市值	市值	市值	市值
1180	私募股權	私募基金	私募股權	私募股權	私募股權	私募股權
1181	房地產	房地產	房地產	房地產	房地產	房地產
1182	房地產	房地產	房地產	房地產	房地產	房地產投資
1183	外匯基金	外匯基金	外匯基金	外匯基金	外匯基金	外匯基金
1184	香港交易所股份有限公司	香港交易所	香港交易所股份有限公司	香港交易所股份有限公司	香港交易所股份有限公司	▁188
1185	策略組合	策略組合	策略組合	策略組合	策略組合	▁370
1186	外匯基金	外匯基金	外匯基金	外匯基金	外匯基金	外匯基金
1187	投資表現	投資表現	投資表現	投資表現	投資表現	投資表現
1188	外匯基金	外匯基金	外匯基金	外匯基金	外匯基金	外匯基金
1189	外匯基金	外匯基金	外匯基金	外匯基金	外匯基金	外匯基金
1190	外匯基金	外匯基金	外匯基金	外匯基金	外匯基金	外匯基金
1191	未來基金	未來基金	未來基金	未來基金	未來基金	未來基金
1192	政府基金	政府基金	政府基金	政府基金	政府基金	政府基金
1193	IP	投資組合	IP	IP	IP	投資組合
1194	LTGP	長期增長組合	LTGP	LTGP	LTGP	長期增長組合
1195	外匯基金	外匯基金	外匯基金	外匯基金	外匯基金	外匯基金
1196	財政儲備	財政儲備	財政儲備	財政儲備	財政儲備	▁141
1197	投資 組合	投資 組合	投資 組合	投資 組合	投資 組合	▁292
1198	法定機構	法定機構	法定機構	法定機構	法定機構	▁367
1199	投資流程	投資流程	投資流程	投資流程	投資流程	▁220
1200	外咨會	外匯基金諮詢委員會	外咨會	外匯基金諮詢委員會	外咨會	外匯基金諮詢委員會
1201	外匯基金	外匯基金	外匯基金	外匯基金	外匯基金	外匯基金
1202	財政司司長	財政司司長	財政司司長	財政司司長	財政司司長	財政司司長
1203	金管局	金管局	金管局	金管局	金管局	金管局
1204	投資目標	投資目標	投資目標	投資目標	投資目標	投資目標
1205	外匯基金	外匯基金	外匯基金	外匯基金	外匯基金	外匯基金
1206	▔	▁7	▔	▁5	▔	授權
1207	投資基準	投資基準	投資基準	投資基準	投資基準	投資基準
1208	投資流程	投資流程	投資流程	投資流程	投資流程	▁220
1209	投資組合經理	投資組合經理	投資組合經理	投資組合經理	投資組合經理	投資組合經理
1210	策略性資產配置	策略性資產配置	策略性資產配置	策略性資產配置	策略性資產配置	▁369
1211	戰術性資產配置	戰術性資產配置	戰術性資產配置	戰術性資產配置	戰術性資產配置	▁377
1212	蹤 誤	蹤 誤	蹤 誤	蹤 誤	蹤 誤	▁385
1213	蹤 誤 限	蹤 誤 限	蹤 誤 限	蹤 誤 限	蹤 誤 限	▁386
1214	BP	▁4	BP	BP	BP	▁35
1215	外匯基金	外匯基金	外匯基金	外匯基金	外匯基金	外匯基金
1216	金管局	金管局	金管局	金管局	金管局	金管局
1217	IP	投資組合	IP	IP	IP	投資組合
1218	儲備管理	儲備管理	儲備管理	儲備管理	儲備管理	儲備管理
1219	儲備管理部	儲備管理部	儲備管理部	儲備管理部	儲備管理部	儲備管理部
1220	外匯基金	外匯基金	外匯基金	外匯基金	外匯基金	外匯基金
1221	衍生 疊加 組合	衍生 疊加 組合	衍生 疊加 組合	衍生 疊加 組合	衍生 疊加 組合	▁85
1222	收益 市場	收益 市場	收益 市場	收益 市場	收益 市場	▁142
1223	宏觀風險管理策略	宏觀風險管理策略	宏觀風險管理策略	宏觀風險管理策略	宏觀風險管理策略	宏觀風險管理策略
1224	外部經理	外部經理	外部經理	外部經理	外部經理	▁114
1225	外匯基金	外匯基金	外匯基金	外匯基金	外匯基金	外匯基金
1226	金管局	金管局	金管局	金管局	金管局	金管局
1227	外匯基金	外匯基金	外匯基金	外匯基金	外匯基金	外匯基金
1228	資產類別	資產類別	資產類別	資產類別	資產類別	資產類別
1229	外部基金經理	外部基金經理	外部基金經理	▁7	外部基金經理	▁113
1230	外部基金經理	外部經理	外部基金經理	外部經理	外部基金經理	▁114
1231	投資專才	投資專才	投資專才	投資專才	投資專才	▁218
1232	組合	組合	組合	組合	組合	▁233
1233	專業 資產類 別	專業 資產類 別	專業 資產類 別	專業 資產類 別	專業 資產類 別	▁362
1234	託管費	託管費	託管費	託管費	託管費	託管費
1235	外部經理	外部經理	外部經理	外部經理	外部經理	▁114
1236	交易成本	交易成本	交易成本	交易成本	交易成本	▁389
1237	2008/09年全球金融危機	2008/09年全球金融危機	2008/09年全球金融危機	2008/09年全球金融危機	2008/09年全球金融危機	▁2
1238	外匯基金	外匯基金	外匯基金	外匯基金	外匯基金	外匯基金
1239	金管局	金管局	金管局	金管局	金管局	金管局
1240	外匯基金	外匯基金	外匯基金	外匯基金	外匯基金	外匯基金
1241	外部管理	外部經理	外部管理	外部經理	外部管理	▁114
1242	金融危機	金融危機	金融危機	金融危機	金融危機	金融危機
1243	全球金融危機	全球金融危機	全球金融危機	全球金融危機	全球金融危機	▁159
1244	投資多元化	投資多元化	投資多元化	投資多元化	投資多元化	▁217
1245	投資指引	投資指引	投資指引	投資指引	投資指引	投資指引
1246	市場風險	市場風險	市場風險	市場風險	市場風險	市場風險
1247	歸 分析	歸 分析	歸 分析	歸 分析	歸 分析	▁286
1248	風險評估	風險評估	風險評估	風險評估	風險評估	風險評估
1249	風險控制工具	風險控制工具	風險控制工具	風險控制工具	風險控制工具	▁342
1250	負責任投資	負責任投資	負責任投資	負責任投資	負責任投資	負責任投資
1251	ESG標準	ESG標準	ESG標準	ESG標準	ESG標準	▁107
1252	外匯基金	外匯基金	外匯基金	外匯基金	外匯基金	外匯基金
1253	金管局	金管局	金管局	金管局	金管局	金管局
1254	香港上市公司	香港上市公司	香港上市公司	香港上市公司	香港上市公司	香港上市公司
1255	▔	▁21	▔	▁18	▔	外匯基金的管理
1256	負責任的股東權益原則	負責任的股東權益原則	負責任的股東權益原則	負責任的股東權益原則	負責任的股東權益原則	▁299
1257	負責任投資	負責任投資	負責任投資	負責任投資	負責任投資	負責任投資
1258	風險管理及合規部	風險管理及合規部	風險管理及合規部	風險管理及合規部	風險管理及合規部	▁344
1259	證券及期貨事務監察委員會	證券及期貨事務監察委員會	證券及期貨事務監察委員會	證券及期貨事務監察委員會	證券及期貨事務監察委員會	證券及期貨事務監察委員會
1260	外匯基金	外匯基金	外匯基金	外匯基金	外匯基金	外匯基金
1261	▔	▁8	▔	▁6	▔	▁106
1262	▔	外部基金經理	▔	▁7	▔	▁113
1263	前台部門	前台部門	前台部門	前台部門	前台部門	▁148
1264	投資流程	投資流程	投資流程	投資流程	投資流程	▁220
1265	外匯基金	外匯基金	外匯基金	外匯基金	外匯基金	外匯基金
1266	外匯基金的表現	外匯基金的表現	外匯基金的表現	外匯基金的表現	外匯基金的表現	外匯基金的表現
1267	外匯基金	外匯基金	外匯基金	外匯基金	外匯基金	外匯基金
1268	全球股市	全球股市	全球股市	全球股市	全球股市	▁158
1269	貨幣政策	貨幣政策	貨幣政策	貨幣政策	貨幣政策	貨幣政策
1270	企業獲利	企業盈利	企業獲利	企業獲利	企業獲利	企業盈利
1271	新興	市場 經濟體	新興	市場 經濟體	新興	▁102
1272	新興市場	新興市場	新興市場	新興市場	新興市場	新興市場
1273	主要 發經濟體 新興	主要 發經濟體 新興 市場	主要 發經濟體 新興	主要 發經濟體 新興	主要 發經濟體 新興	▁242
1274	同步增長	同步增長	同步增長	同步增長	同步增長	▁376
1275	十年期美國公債收益率	▁0	十年期美國公債收益率	▁0	十年期美國公債收益率	▁0
1276	資產負債表	資產負債表	資產負債表	資產負債表	資產負債表	資產負債表
1277	歐洲央行	歐洲央行	歐洲央行	歐洲央行	歐洲央行	▁108
1278	德國公債	德國公債	德國公債	德國公債	德國公債	▁157
1279	政府債券	政府債券	政府債券	政府債券	政府債券	政府債券
1280	美國公債	▁30	美國公債	▁25	美國公債	▁399
1281	短期	短期	短期	短期	短期	▁356
1282	資產負債表	資產負債表	資產負債表	資產負債表	資產負債表	資產負債表
1283	貨幣政策	貨幣政策	貨幣政策	貨幣政策	貨幣政策	貨幣政策
1284	貨幣市場	貨幣市場	貨幣市場	貨幣市場	貨幣市場	貨幣市場
1285	貨幣政策分歧	貨幣政策分歧	貨幣政策分歧	貨幣政策分歧	貨幣政策分歧	▁257
1286	外匯基金	外匯基金	外匯基金	外匯基金	外匯基金	外匯基金
1287	外匯基金	外匯基金	外匯基金	外匯基金	外匯基金	外匯基金
1288	外匯基金	外匯基金	外匯基金	外匯基金	外匯基金	外匯基金
1289	策略組合	策略組合	策略組合	策略組合	策略組合	▁370
1290	外匯基金	外匯基金	外匯基金	外匯基金	外匯基金	外匯基金
1291	投資控股子公司	投資控股子公司	投資控股子公司	投資控股子公司	投資控股子公司	▁219
1292	估值收益	估值收益	估值收益	估值收益	估值收益	估值收益
1293	外匯基金	外匯基金	外匯基金	外匯基金	外匯基金	外匯基金
1294	外匯基金	外匯基金	外匯基金	外匯基金	外匯基金	外匯基金
1295	外匯基金	外匯基金	外匯基金	外匯基金	外匯基金	外匯基金
1296	LTGP	長期增長組合	LTGP	LTGP	LTGP	長期增長組合
1297	外匯基金	外匯基金	外匯基金	外匯基金	外匯基金	外匯基金
1298	LTGP下的投資	長期增長組合下的投資	LTGP下的投資	LTGP 下 的 投資	LTGP下的投資	▁222
1299	市值	市值	市值	市值	市值	市值
1300	未動用的投資承擔額	未動用的投資承擔額	未動用的投資承擔額	未動用的投資承擔額	未動用的投資承擔額	▁280
1301	私募股權	私募基金	私募股權	私募股權	私募股權	私募股權
1302	房地產	房地產	房地產	房地產	房地產	房地產
1303	資產總額	資產總額	資產總額	資產總額	資產總額	▁383
1304	BP	▁4	BP	BP	BP	▁35
1305	外匯基金	外匯基金	外匯基金	外匯基金	外匯基金	外匯基金
1306	IP	投資組合	IP	IP	IP	投資組合
1307	LTGP	長期增長組合	LTGP	LTGP	LTGP	長期增長組合
1308	策略組合	策略組合	策略組合	策略組合	策略組合	▁370
1309	外匯基金	外匯基金	外匯基金	外匯基金	外匯基金	外匯基金
1310	年化內部報酬率	年化內部回報率	年化內部報酬率	年化內部回報率	年化內部報酬率	▁9
1311	成立	成立	成立	成立	成立	▁199
1312	投資 報酬	投資回報	投資 報酬	投資報酬	投資 報酬	投資回報率
1313	外匯基金	外匯基金	外匯基金	外匯基金	外匯基金	外匯基金
1314	外匯基金	外匯基金	外匯基金	外匯基金	外匯基金	外匯基金
1315	投資報酬	投資回報	投資報酬	投資報酬	投資報酬	投資回報率
1316	余偉文	余偉文	余偉文	余偉文	余偉文	余偉文
1317	外匯基金	外匯基金	外匯基金	外匯基金	外匯基金	外匯基金
1318	金管局	金管局	金管局	金管局	金管局	金管局
1319	記者會	記者會	記者會	記者會	記者會	▁296
1320	外匯基金	外匯基金	外匯基金	外匯基金	外匯基金	外匯基金
1321	外匯基金	外匯基金	外匯基金	外匯基金	外匯基金	外匯基金
1322	投資報酬	投資回報	投資報酬	投資報酬	投資報酬	投資回報率
1323	外匯基金	外匯基金	外匯基金	外匯基金	外匯基金	外匯基金
1324	外匯基金	外匯基金	外匯基金	外匯基金	外匯基金	外匯基金
1325	投資報酬	投資回報	投資報酬	投資報酬	投資報酬	投資回報率
1326	外匯基金	外匯基金	外匯基金	外匯基金	外匯基金	外匯基金
1327	外匯基金	外匯基金	外匯基金	外匯基金	外匯基金	外匯基金
1328	遠期交易	遠期交易	遠期交易	遠期交易	遠期交易	遠期交易
1329	▔	企業職能	▔	▁3	▔	▁62
1330	香港金融管理局	金管局	香港金融管理局	金管局	香港金融管理局	金管局
1331	資訊科技安全	資訊科技安全	資訊科技安全	資訊科技安全	資訊科技安全	▁224
1332	公眾教育計畫	公眾教育計畫	公眾教育計畫	公眾教育計畫	公眾教育計畫	▁319
1333	財務紀律	財務紀律	財務紀律	財務紀律	財務紀律	▁124
1334	專業發展	專業 發展	專業發展	專業發展	專業發展	▁306
1335	媒體關係	媒體關係	媒體關係	媒體關係	媒體關係	▁250
1336	金管局	金管局	金管局	金管局	金管局	金管局
1337	媒體 查詢	媒體 查詢	媒體 查詢	媒體 查詢	媒體 查詢	▁249
1338	記者會	記者會	記者會	記者會	記者會	▁296
1339	▔	▁26	▔	▁21	▔	▁297
1340	站立 訪問	站立 訪問	站立 訪問	站立 訪問	站立 訪問	▁363
1341	▔	債券通	▔	債券通	▔	債券通
1342	債券通計畫	債券通計畫	債券通計畫	債券通計畫	債券通計畫	▁34
1343	外匯基金	外匯基金	外匯基金	外匯基金	外匯基金	外匯基金
1344	外匯基金投資	外匯基金投資	外匯基金投資	外匯基金投資	外匯基金投資	外匯基金投資
1345	金管局	金管局	金管局	金管局	金管局	金管局
1346	金管局資訊中心	金管局資訊中心	金管局資訊中心	金管局資訊中心	金管局資訊中心	金管局資訊中心
1347	處理 機制	決議機制	處理 機制	決議機制	處理 機制	處置機制
1348	導覽團	導覽團	導覽團	導覽團	導覽團	▁171
1349	簡報會	簡報會	簡報會	簡報會	簡報會	▁248
1350	不動產 貸款	按揭 貸款	不動產 貸款	按揭 貸款	不動產 貸款	▁309
1351	審慎措施	措施	審慎措施	審慎措施	審慎措施	▁313
1352	不動產按揭貸款的審慎措施	宏觀審慎管理措施	不動產按揭貸款的審慎措施	不動產按揭貸款的審慎措施	不動產按揭貸款的審慎措施	▁314
1353	金管局	金管局	金管局	金管局	金管局	金管局
1354	金管局資訊中心	金管局資訊中心	金管局資訊中心	金管局資訊中心	金管局資訊中心	金管局資訊中心
1355	陳德霖	陳德霖	陳德霖	陳德霖	陳德霖	陳德霖
1356	馬賽克藝術品	馬賽克藝術品	馬賽克藝術品	馬賽克藝術品	馬賽克藝術品	▁262
1357	金融科技	金融科技	金融科技	金融科技	金融科技	金融科技
1358	金融科技促進辦公室	金融科技促進辦公室	金融科技促進辦公室	金融科技促進辦公室	金融科技促進辦公室	金融科技促進辦公室
1359	金管局	金管局	金管局	金管局	金管局	金管局
1360	建設 融資促 公室	基建融資促進辦公室	建設 融資促 公室	基建融資促進辦公室	建設 融資促 公室	基建融資促進辦公室
1361	陳德霖	陳德霖	陳德霖	陳德霖	陳德霖	陳德霖
1362	建設	基建融資	建設	基建融資	建設	▁206
1363	硬幣收集計畫	硬幣收集計畫	硬幣收集計畫	硬幣收集計畫	硬幣收集計畫	▁53
1364	金管局	金管局	金管局	金管局	金管局	金管局
1365	公眾查詢服務	公眾查詢服務	公眾查詢服務	公眾查詢服務	公眾查詢服務	公眾查詢服務
1366	銀行政策及規例	銀行政策及規例	銀行政策及規例	銀行政策及規例	銀行政策及規例	▁24
1367	銀行產品及服務	銀行產品和服務	銀行產品及服務	銀行產品及服務	銀行產品及服務	銀行產品及服務
1368	相關 指引 及 通告	相關 指引 及 通告	相關 指引 及 通告	相關 指引 及 通告	相關 指引 及 通告	▁28
1369	消費銀行業務議題	消費銀行業務議題	消費銀行業務議題	消費銀行業務議題	消費銀行業務議題	▁57
1370	貨幣及經濟議題	貨幣及經濟議題	貨幣及經濟議題	貨幣及經濟議題	貨幣及經濟議題	▁253
1371	貨幣及經濟統計	貨幣及經濟統計	貨幣及經濟統計	貨幣及經濟統計	貨幣及經濟統計	▁254
1372	防止洗錢及恐怖分子資金籌集	防止 洗錢 及 恐怖 主義融資	防止洗錢及恐怖分子資金籌集	防止 洗錢 及 恐怖 主義融資	防止洗錢及恐怖分子資金籌集	▁298
1373	不動產 按揭 貸款	按揭 貸款	不動產 按揭 貸款	按揭 貸款	不動產 按揭 貸款	▁309
1374	審慎措施	措施	審慎措施	審慎措施	審慎措施	▁313
1375	審慎措施	宏觀審慎管理措施	審慎措施	不動產按揭貸款的審慎措施	審慎措施	▁314
1376	年報	年報	年報	年報	年報	年報
1377	金管局	金管局	金管局	金管局	金管局	金管局
1378	半年度貨幣及金融穩定情況報告	半年度貨幣及金融穩定情況報告	半年度貨幣及金融穩定情況報告	半年度貨幣及金融穩定情況報告	半年度貨幣及金融穩定情況報告	▁173
1379	每月統計報告	每月統計報告	每月統計報告	每月統計報告	每月統計報告	▁259
1380	季刊	季刊	季刊	季刊	季刊	▁321
1381	金融穩定	金融穩定	金融穩定	金融穩定	金融穩定	金融穩定
1382	▔	▁17	▔	▁15	▔	▁207
1383	貨幣及金融穩定	貨幣及金融穩定	貨幣及金融穩定	貨幣及金融穩定	貨幣及金融穩定	貨幣及金融穩定
1384	金管局	金管局	金管局	金管局	金管局	金管局
1385	銀行條例	銀行條例	銀行條例	銀行條例	銀行條例	▁23
1386	硬幣車	硬幣車	硬幣車	硬幣車	硬幣車	▁52
1387	硬幣收集計畫	硬幣收集計畫	硬幣收集計畫	硬幣收集計畫	硬幣收集計畫	▁53
1388	金融科技	金融科技	金融科技	金融科技	金融科技	金融科技
1389	金融科技促進辦公室	金融科技促進辦公室	金融科技促進辦公室	金融科技促進辦公室	金融科技促進辦公室	金融科技促進辦公室
1390	金管局	金管局	金管局	金管局	金管局	金管局
1391	建設 融資促 公室	基建融資促進辦公室	建設 融資促 公室	基建融資促進辦公室	建設 融資促 公室	基建融資促進辦公室
1392	認可機構	認可機構	認可機構	認可機構	認可機構	認可機構
1393	建設	基建融資	建設	基建融資	建設	▁206
1394	證券業務從業人員名冊	證券業務從業人員名冊	證券業務從業人員名冊	證券業務從業人員名冊	證券業務從業人員名冊	▁328
1395	監管 制度	監管 制度	監管 制度	監管 制度	監管 制度	▁330
1396	儲值支付工具	儲值設施	儲值支付工具	儲值支付工具	儲值支付工具	儲值支付工具
1397	支付系統及儲值支付工具條例	支付系統及儲值設施條例	支付系統及儲值支付工具條例	支付系統及儲值設施條例	支付系統及儲值支付工具條例	▁284
1398	認可機構	認可機構	認可機構	認可機構	認可機構	認可機構
1399	▔	▁28	▔	▁23	▔	▁327
1400	儲值支付工具	儲值設施	儲值支付工具	儲值	儲值支付工具	儲值支付工具
1401	公眾教育計畫	公眾教育計畫	公眾教育計畫	公眾教育計畫	公眾教育計畫	▁319
1402	金管局	金管局	金管局	金管局	金管局	金管局
1403	金管局資訊中心	金管局資訊中心	金管局資訊中心	金管局資訊中心	金管局資訊中心	金管局資訊中心
1404	金管局	金管局	金管局	金管局	金管局	金管局
1405	金管局	金管局	金管局	金管局	金管局	金管局
1406	導覽團	導覽團	導覽團	導覽團	導覽團	▁171
1407	銀行條例	銀行條例	銀行條例	銀行條例	銀行條例	▁23
1408	中央銀行	中央銀行	中央銀行	中央銀行	中央銀行	中央銀行
1409	中央銀行議題	中央銀行議題	中央銀行議題	中央銀行議題	中央銀行議題	▁44
1410	認可機構及本地代表處名冊	認可機構及本地代表處名冊	認可機構及本地代表處名冊	認可機構及本地代表處名冊	認可機構及本地代表處名冊	▁326
1411	證券業務從業人員名冊	證券業務從業人員名冊	證券業務從業人員名冊	證券業務從業人員名冊	證券業務從業人員名冊	▁328
1412	認可機構	認可機構	認可機構	認可機構	認可機構	認可機構
1413	金管局	金管局	金管局	金管局	金管局	金管局
1414	資訊中心	金管局資訊中心	資訊中心	金管局資訊中心	資訊中心	金管局資訊中心
1415	一帶 一路	一帶一路	一帶 一路	一帶一路	一帶 一路	一帶一路
1416	一帶 一路 倡議	一帶一路	一帶 一路 倡議	一帶一路	一帶 一路 倡議	一帶一路
1417	存款保障計畫	存款保障計畫	存款保障計畫	存款保障計畫	存款保障計畫	▁83
1418	金融科技	金融科技	金融科技	金融科技	金融科技	金融科技
1419	金管局	金管局	金管局	金管局	金管局	金管局
1420	公眾教育計畫	公眾教育計畫	公眾教育計畫	公眾教育計畫	公眾教育計畫	▁319
1421	銀行穩定	銀行業穩定	銀行穩定	銀行業穩定性	銀行穩定	▁25
1422	香港紙幣	紙幣	香港紙幣	紙幣	香港紙幣	▁29
1423	金融 業的 就業	金融 業的 就業	金融 業的 就業	金融 業的 就業	金融 業的 就業	▁42
1424	消費者保障	消費者保障	消費者保障	消費者保障	消費者保障	消費者保障
1425	聯匯制度	率 制度	聯匯制度	匯 率 制度	聯匯制度	匯率制度
1426	金管局	金管局	金管局	金管局	金管局	金管局
1427	組織變動	組織變動	組織變動	組織變動	組織變動	▁279
1428	香港銀行業	香港銀行業	香港銀行業	香港銀行業	香港銀行業	▁185
1429	香港 處理 機制	香港 處置 機制	香港 處理 機制	香港 處理 機制	香港 處理 機制	▁192
1430	危機處理辦公室	處置辦公室	危機處理辦公室	處置辦公室	危機處理辦公室	▁338
1431	處理 機制	決議機制	處理 機制	決議機制	處理 機制	處置機制
1432	金融機構	金融機構	金融機構	金融機構	金融機構	金融機構
1433	金管局	金管局	金管局	金管局	金管局	金管局
1434	外匯基金	外匯基金	外匯基金	外匯基金	外匯基金	外匯基金
1435	快速支付系統	加快支付系統	快速支付系統	快速支付系統	快速支付系統	快速支付系統
1436	金融科技	金融科技	金融科技	金融科技	金融科技	金融科技
1437	詐騙及洗錢情報工作小組	欺詐及洗錢情報工作小組	詐騙及洗錢情報工作小組	欺詐及洗錢情報工作小組	詐騙及洗錢情報工作小組	▁147
1438	金管局	金管局	金管局	金管局	金管局	金管局
1439	外匯基金	外匯基金	外匯基金	外匯基金	外匯基金	外匯基金
1440	網路安全	網路安全	網路安全	網路安全	網路安全	▁74
1441	銀行易措施	銀行易措施	銀行易措施	銀行易措施	銀行易措施	銀行易措施
1442	金融犯罪	金融犯罪	金融犯罪	金融犯罪	金融犯罪	▁123
1443	金融穩定	金融穩定	金融穩定	金融穩定	金融穩定	金融穩定
1444	全球宏觀及金融監測	全球宏觀及金融監測	全球宏觀及金融監測	全球宏觀及金融監測	全球宏觀及金融監測	▁161
1445	反洗錢及儲值支付工具的法規	反洗錢及儲值支付工具的法規	反洗錢及儲值支付工具的法規	反洗錢及儲值支付工具的法規	反洗錢及儲值支付工具的法規	▁228
1446	監管機構	監管機構	監管機構	監管機構	監管機構	監管機構
1447	監管能力	監管能力	監管能力	監管能力	監管能力	▁374
1448	人才發展計畫	人才發展計畫	人才發展計畫	人才發展計畫	人才發展計畫	▁378
1449	金管局	金管局	金管局	金管局	金管局	金管局
1450	金管局	金管局	金管局	金管局	金管局	金管局
1451	金融 服務 發展局	金融 服務 發展局	金融 服務 發展局	金融 服務 發展局	金融 服務 發展局	▁131
1452	金管局	金管局	金管局	金管局	金管局	金管局
1453	香港存款保障委員會	香港存款保障委員會	香港存款保障委員會	香港存款保障委員會	香港存款保障委員會	香港存款保障委員會
1454	國際貨幣基金組織	國際貨幣基金組織	國際貨幣基金組織	國際貨幣基金組織	國際貨幣基金組織	國際貨幣基金組織
1455	財庫市場公會	財庫市場公會	財庫市場公會	財庫市場公會	財庫市場公會	▁392
1456	薪酬政策及薪酬檢討機制	薪酬政策及薪酬檢討機制	薪酬政策及薪酬檢討機制	薪酬政策及薪酬檢討機制	薪酬政策及薪酬檢討機制	▁332
1457	外匯基金諮詢委員會	外匯基金諮詢委員會	外匯基金諮詢委員會	外匯基金諮詢委員會	外匯基金諮詢委員會	外匯基金諮詢委員會
1458	外匯基金	外匯基金	外匯基金	外匯基金	外匯基金	外匯基金
1459	外匯基金諮詢委員會	外匯基金諮詢委員會	外匯基金諮詢委員會	外匯基金諮詢委員會	外匯基金諮詢委員會	外匯基金諮詢委員會
1460	財政司司長	財政司司長	財政司司長	財政司司長	財政司司長	財政司司長
1461	金管局	金管局	金管局	金管局	金管局	金管局
1462	外匯基金	外匯基金	外匯基金	外匯基金	外匯基金	外匯基金
1463	財政司司長	財政司司長	財政司司長	財政司司長	財政司司長	財政司司長
1464	管委會	管委會	管委會	管委會	管委會	▁168
1465	▔	外匯基金諮詢委員會	▔	外匯基金諮詢委員會	▔	外匯基金諮詢委員會
1466	金管局	金管局	金管局	金管局	金管局	金管局
1467	財政司司長	財政司司長	財政司司長	財政司司長	財政司司長	財政司司長
1468	管委會	管委會	管委會	管委會	管委會	▁168
1469	金管局總裁	金管局總裁	金管局總裁	金管局總裁	金管局總裁	金管局總裁
1470	部門 主管	部門 主管	部門 主管	部門 主管	部門 主管	▁95
1471	金管局	金管局	金管局	金管局	金管局	金管局
1472	權力	▁7	權力	▁5	權力	授權
1473	投資表現	投資表現	投資表現	投資表現	投資表現	投資表現
1474	執行董事	獨立非執行董事	執行董事	執行董事	執行董事	▁110
1475	財政司司長	財政司司長	財政司司長	財政司司長	財政司司長	財政司司長
1476	管委會	管委會	管委會	管委會	管委會	▁168
1477	金管局	金管局	金管局	金管局	金管局	金管局
1478	學家 研究生	學家 研究生	學家 研究生	學家 研究生	學家 研究生	▁166
1479	▔	▁12	▔	GE計畫	▔	▁154
1480	管理 訓生	管理 訓生	管理 訓生	管理 訓生	管理 訓生	▁244
1481	▔	▁23	▔	MT計畫	▔	▁264
1482	GE計畫	GE計畫	GE計畫	GE計畫	GE計畫	▁155
1483	金管局	金管局	金管局	金管局	金管局	金管局
1484	MT計畫	MT計畫	MT計畫	MT計畫	MT計畫	▁265
1485	中央銀行	中央銀行	中央銀行	中央銀行	中央銀行	中央銀行
1486	GE計畫	▁12	GE計畫	GE計畫	GE計畫	▁154
1487	MT計畫	▁23	MT計畫	MT計畫	MT計畫	▁264
1488	GE計畫	GE計畫	GE計畫	GE計畫	GE計畫	▁155
1489	金管局	金管局	金管局	金管局	金管局	金管局
1490	MT計畫	MT計畫	MT計畫	MT計畫	MT計畫	▁265
1491	中央銀行	中央銀行	中央銀行	中央銀行	中央銀行	中央銀行
1492	金融穩定	金融穩定	金融穩定	金融穩定	金融穩定	金融穩定
1493	在職培訓	在職培訓	在職培訓	在職培訓	在職培訓	在職培訓
1494	政策制訂過程	政策制訂過程	政策制訂過程	政策制訂過程	政策制訂過程	▁290
1495	GE計畫	▁12	GE計畫	GE計畫	GE計畫	▁154
1496	MT計畫	▁23	MT計畫	MT計畫	MT計畫	▁264
1497	GE計畫	GE計畫	GE計畫	GE計畫	GE計畫	▁155
1498	中央銀行	中央銀行	中央銀行	中央銀行	中央銀行	中央銀行
1499	在職培訓	在職培訓	在職培訓	在職培訓	在職培訓	在職培訓
1500	GE	▁12	GE	GE計畫	GE	▁154
1501	MT	▁23	MT	MT計畫	MT	▁264
1502	外匯基金	外匯基金	外匯基金	外匯基金	外匯基金	外匯基金
1503	外匯基金	外匯基金	外匯基金	外匯基金	外匯基金	外匯基金
1504	審計總監	審計總監	審計總監	審計總監	審計總監	▁90
1505	財政司司長	財政司司長	財政司司長	財政司司長	財政司司長	財政司司長
1506	獨立 的 報告	獨立 的 報告	獨立 的 報告	獨立 的 報告	獨立 的 報告	▁202
1507	資產負債表	資產負債表	資產負債表	資產負債表	資產負債表	資產負債表
1508	外匯基金	外匯基金	外匯基金	外匯基金	外匯基金	外匯基金
1509	收支賬目	收支賬目	收支賬目	收支賬目	收支賬目	▁201
1510	全面收益表	全面收益表	全面收益表	全面收益表	全面收益表	全面收益表
1511	外匯基金	外匯基金	外匯基金	外匯基金	外匯基金	外匯基金
1512	會計 政策	會計 政策	會計 政策	會計政策	會計 政策	會計政策
1513	現金流量表	現金流量表	現金流量表	現金流量表	現金流量表	現金流量表
1514	權益變動表	權益變動表	權益變動表	權益變動表	權益變動表	權益變動表
1515	外匯基金	外匯基金	外匯基金	外匯基金	外匯基金	外匯基金
1516	香港財務報告準則	香港財務報告準則	香港財務報告準則	香港財務報告準則	香港財務報告準則	香港財務報告準則
1517	香港會計師公會	香港會計師公會	香港會計師公會	香港會計師公會	香港會計師公會	香港會計師公會
1518	香港財務報告準則	香港財務報告準則	香港財務報告準則	香港財務報告準則	香港財務報告準則	香港財務報告準則
1519	香港會計師公會	香港會計師公會	香港會計師公會	香港會計師公會	香港會計師公會	香港會計師公會
1520	外匯基金	外匯基金	外匯基金	外匯基金	外匯基金	外匯基金
1521	指示	指示	指示	指示	指示	▁88
1522	《 外匯 基金 條例 第 第 7	《 外匯 基金 條例 第 第 7	《 外匯 基金 條例 第 第 7	《 外匯 基金 條例 第 7	《 外匯 基金 條例 第 第 7	▁349
1523	外匯基金條例	外匯基金條例	外匯基金條例	外匯基金條例	外匯基金條例	▁109
1524	第 66 章	第 66 章	第 66 章	第 66 章	第 66 章	▁38
1525	審計委員會	審計委員會	審計委員會	審計委員會	審計委員會	▁15
1526	審計委員會 審計 準則	審計委員會 審計 準則	審計委員會 審計 準則	審計委員會審計準則	審計委員會 審計 準則	▁16
1527	外匯基金	外匯基金	外匯基金	外匯基金	外匯基金	外匯基金
1528	外匯基金	外匯基金	外匯基金	外匯基金	外匯基金	外匯基金
1529	審計證據	審計證據	審計證據	審計證據	審計證據	▁17
1530	指示	指示	指示	指示	指示	▁88
1531	第 7 條	《 外匯 基金 條例 第 第 7	第 7 條	《 外匯 基金 條例 第 7	第 7 條	▁349
1532	《外匯基金條例》	外匯基金條例	《外匯基金條例》	外匯基金條例	《外匯基金條例》	▁109
1533	主要審計事項	主要審計事項	主要審計事項	主要審計事項	主要審計事項	▁225
1534	主要審計事項	主要審計事項	主要審計事項	主要審計事項	主要審計事項	▁225
1535	香港金融管理局 2017 年 年	香港金融管理局 2017 年 年	香港金融管理局 2017 年 年	香港金融管理局 2017 年 年	香港金融管理局 2017 年 年	▁3
1536	年報	年報	年報	年報	年報	年報
1537	金融管理局	金管局	金融管理局	金融管理局	金融管理局	▁256
1538	▔	▁15	▔	▁13	▔	▁191
1539	外匯基金	外匯基金	外匯基金	外匯基金	外匯基金	外匯基金
1540	外匯基金諮詢委員會	外匯基金諮詢委員會	外匯基金諮詢委員會	外匯基金諮詢委員會	外匯基金諮詢委員會	外匯基金諮詢委員會
1541	金融管理局	金管局	金融管理局	金融管理局	金融管理局	▁256
1542	外匯基金	外匯基金	外匯基金	外匯基金	外匯基金	外匯基金
1543	外匯基金	外匯基金	外匯基金	外匯基金	外匯基金	外匯基金
1544	香港財務報告準則	香港財務報告準則	香港財務報告準則	香港財務報告準則	香港財務報告準則	香港財務報告準則
1545	香港會計師公會	香港會計師公會	香港會計師公會	香港會計師公會	香港會計師公會	香港會計師公會
1546	金融管理局	金管局	金融管理局	金融管理局	金融管理局	▁256
1547	外匯基金	外匯基金	外匯基金	外匯基金	外匯基金	外匯基金
1548	長 《 指示	指示	長 《 指示	指示	長 《 指示	▁88
1549	內部控制	內部控制	內部控制	內部控制	內部控制	▁214
1550	《 外匯 基金 條例 第 7	《 外匯 基金 條例 第 第 7	《 外匯 基金 條例 第 7	《 外匯 基金 條例 第 7	《 外匯 基金 條例 第 7	▁349
1551	外匯基金條例	外匯基金條例	外匯基金條例	外匯基金條例	外匯基金條例	▁109
1552	金融管理局	金管局	金融管理局	金融管理局	金融管理局	▁256
1553	持續經營	持續經營	持續經營	持續經營	持續經營	持續經營
1554	持續經營的會計基礎	持續經營的會計基礎	持續經營的會計基礎	持續經營會計基礎	持續經營的會計基礎	▁162
1555	外匯基金	外匯基金	外匯基金	外匯基金	外匯基金	外匯基金
1556	外匯基金諮詢委員會	外匯基金諮詢委員會	外匯基金諮詢委員會	外匯基金諮詢委員會	外匯基金諮詢委員會	外匯基金諮詢委員會
1557	外匯基金	外匯基金	外匯基金	外匯基金	外匯基金	外匯基金
1558	審計委員會	審計委員會	審計委員會	審計委員會	審計委員會	▁15
1559	審計委員會審計準則	審計委員會 審計 準則	審計委員會審計準則	審計委員會審計準則	審計委員會審計準則	▁16
1560	審計委員會	審計委員會	審計委員會	審計委員會	審計委員會	▁15
1561	審計委員會審計準則	審計委員會 審計 準則	審計委員會審計準則	審計委員會審計準則	審計委員會審計準則	▁16
1562	金融管理局	金管局	金融管理局	金融管理局	金融管理局	▁256
1563	會計估計	會計估計	會計估計	會計估計	會計估計	會計估計
1564	會計政策	會計 政策	會計政策	會計政策	會計政策	會計政策
1565	審計證據	審計證據	審計證據	審計證據	審計證據	▁17
1566	持續經營	持續經營	持續經營	持續經營	持續經營	持續經營
1567	持續經營會計基礎	持續經營的會計基礎	持續經營會計基礎	持續經營會計基礎	持續經營會計基礎	▁162
1568	集團審計	集團審計	集團審計	集團審計	集團審計	集團審計
1569	內部控制	內部控制	內部控制	內部控制	內部控制	▁214
1570	外匯基金	外匯基金	外匯基金	外匯基金	外匯基金	外匯基金
1571	外匯基金諮詢委員會	外匯基金諮詢委員會	外匯基金諮詢委員會	外匯基金諮詢委員會	外匯基金諮詢委員會	外匯基金諮詢委員會
1572	外匯基金	外匯基金	外匯基金	外匯基金	外匯基金	外匯基金
1573	內部控制	內部控制	內部控制	內部控制	內部控制	▁214
1574	外匯基金	外匯基金	外匯基金	外匯基金	外匯基金	外匯基金
1575	外匯基金諮詢委員會	外匯基金諮詢委員會	外匯基金諮詢委員會	外匯基金諮詢委員會	外匯基金諮詢委員會	外匯基金諮詢委員會
1576	外匯基金	外匯基金	外匯基金	外匯基金	外匯基金	外匯基金
1577	外匯基金	外匯基金	外匯基金	外匯基金	外匯基金	外匯基金
1578	外匯基金諮詢委員會	外匯基金諮詢委員會	外匯基金諮詢委員會	外匯基金諮詢委員會	外匯基金諮詢委員會	外匯基金諮詢委員會
1579	外匯基金	外匯基金	外匯基金	外匯基金	外匯基金	外匯基金
1580	主要審計事項	主要審計事項	主要審計事項	主要審計事項	主要審計事項	▁225
1581	審計總監	審計總監	審計總監	審計總監	審計總監	▁90
1582	外匯基金	外匯基金	外匯基金	外匯基金	外匯基金	外匯基金
1583	財政司司長	財政司司長	財政司司長	財政司司長	財政司司長	財政司司長
1584	▔	▁9	▔	▁8	▔	▁130
1585	金融管理局	金管局	金融管理局	金融管理局	金融管理局	▁256
1586	外匯基金	外匯基金	外匯基金	外匯基金	外匯基金	外匯基金
1587	授權	▁7	授權	▁5	授權	授權
1588	金融制度	金融體系	金融制度	金融體系	金融制度	金融體系
1589	貨幣及金融制度	▁22	貨幣及金融制度	▁19	貨幣及金融制度	▁255
1590	主要業務	主要業務	主要業務	主要業務	主要業務	主要業務
1591	保障 香港 的 匯率	保障 香港 的 匯率	保障 香港 的 匯率	保障 香港 的 匯率	保障 香港 的 匯率	▁347
1592	外匯 基金 條例	外匯基金條例	外匯 基金 條例	外匯基金條例	外匯 基金 條例	▁109
1593	第 66 章	第 66 章	第 66 章	第 66 章	第 66 章	▁38
1594	支持組合	支持組合	支持組合	支持組合	支持組合	支持組合
1595	貨幣發行局	貨幣發行局	貨幣發行局	貨幣發行局	貨幣發行局	貨幣發行局
1596	貨幣發行局制度	貨幣發行局制度	貨幣發行局制度	貨幣發行局制度	貨幣發行局制度	貨幣發行局制度
1597	香港特別行政區政府	香港特別行政區政府	香港特別行政區政府	香港特別行政區政府	香港特別行政區政府	香港特別行政區政府
1598	▔	▁14	▔	▁12	▔	▁182
1599	香港交易所股份有限公司	香港交易所	香港交易所股份有限公司	香港交易所股份有限公司	香港交易所股份有限公司	▁188
1600	香港特別行政區	香港特別行政區	香港特別行政區	香港特別行政區	香港特別行政區	香港特別行政區
1601	投資組合	投資組合	投資組合	投資組合	投資組合	投資組合
1602	長期增長組合	長期增長組合	長期增長組合	長期增長組合	長期增長組合	長期增長組合
1603	貨幣基礎	貨幣基礎	貨幣基礎	貨幣基礎	貨幣基礎	貨幣基礎
1604	業務分部資料	業務分部資料	業務分部資料	業務分部資料	業務分部資料	▁276
1605	經濟合作與發展組織	經濟合作暨發展組織	經濟合作與發展組織	經濟合作暨發展組織	經濟合作與發展組織	經濟合作與發展組織
1606	策略組合	策略組合	策略組合	策略組合	策略組合	▁370
1607	期 增長	長期增長	期 增長	期 增長	期 增長	▁238
1608	私募股權	私募基金	私募股權	私募股權	私募股權	私募股權
1609	房地產	房地產	房地產	房地產	房地產	房地產
1610	房地產投資	房地產	房地產投資	房地產	房地產投資	房地產投資
1611	遵守聲明	遵守聲明	遵守聲明	遵守聲明	遵守聲明	▁366
1612	香港財務報告準則	香港財務報告準則	香港財務報告準則	香港財務報告準則	香港財務報告準則	香港財務報告準則
1613	香港會計師公會	香港會計師公會	香港會計師公會	香港會計師公會	香港會計師公會	香港會計師公會
1614	香港會計準則	香港會計準則	香港會計準則	香港會計準則	香港會計準則	香港會計準則
1615	香港財務報告準則	香港財務報告準則	香港財務報告準則	香港財務報告準則	香港財務報告準則	香港財務報告準則
1616	香港會計師公會	香港會計師公會	香港會計師公會	香港會計師公會	香港會計師公會	香港會計師公會
1617	會計政策	會計 政策	會計政策	會計政策	會計政策	會計政策
1618	會計原則	會計原則	會計原則	會計原則	會計原則	▁5
1619	香港財務報告準則	香港財務報告準則	香港財務報告準則	香港財務報告準則	香港財務報告準則	香港財務報告準則
1620	香港會計師公會	香港會計師公會	香港會計師公會	香港會計師公會	香港會計師公會	香港會計師公會
1621	會計政策	會計 政策	會計政策	會計政策	會計政策	會計政策
1622	集團財務報表	集團財務報表	集團財務報表	集團財務報表	集團財務報表	集團財務報表
1623	主要業務	主要業務	主要業務	主要業務	主要業務	主要業務
1624	會計政策	會計 政策	會計政策	會計政策	會計政策	會計政策
1625	可供出售證券	可供出售證券	可供出售證券	可供出售證券	可供出售證券	可供出售證券
1626	公允價值	公允價值	公允價值	公允價值	公允價值	▁115
1627	金融資產	金融資產	金融資產	金融資產	金融資產	金融資產
1628	按公允價值計量的金融資產及金融負債	按公允價值計量的金融資產及金融負債	按公允價值計量的金融資產及金融負債	按公允價值計量的金融資產及金融負債	按公允價值計量的金融資產及金融負債	▁121
1629	金融負債	金融負債	金融負債	金融負債	金融負債	金融負債
1630	交易性金融工具	交易性金融工具	交易性金融工具	交易性金融工具	交易性金融工具	▁388
1631	香港財務報告準則	香港財務報告準則	香港財務報告準則	香港財務報告準則	香港財務報告準則	香港財務報告準則
1632	會計估計	會計估計	會計估計	會計估計	會計估計	會計估計
1633	會計政策	會計 政策	會計政策	會計政策	會計政策	會計政策
1634	公允價值	公允價值	公允價值	公允價值	公允價值	▁115
1635	非控股權益	非控股權益	非控股權益	非控股權益	非控股權益	非控股權益
